#SampleID	BarcodeSequence	BarcodePlate	Well	LinkerPrimerSequence	Description
APNLU1	CGTACCAGATCC	10	A1	CCGGACTACHVGGGTWTCTAAT	APNLU1
APNLU2	ATGTTTAGACGG	10	A2	CCGGACTACHVGGGTWTCTAAT	APNLU2
APNLU3	ACATGTCACGTG	10	A3	CCGGACTACHVGGGTWTCTAAT	APNLU3
APNLU4	CTTTAGCGCTGG	10	A4	CCGGACTACHVGGGTWTCTAAT	APNLU4
APNLU5	CTGGTCTTACGG	10	A5	CCGGACTACHVGGGTWTCTAAT	APNLU5
APNLU6	CAAGTCGAATAC	10	A6	CCGGACTACHVGGGTWTCTAAT	APNLU6
APNLU7	GCAAGTGTGAGG	10	A7	CCGGACTACHVGGGTWTCTAAT	APNLU7
APNLU8	CTCGGTCAACCA	10	A8	CCGGACTACHVGGGTWTCTAAT	APNLU8
APNLU9	ACCCTATTGCGG	10	A9	CCGGACTACHVGGGTWTCTAAT	APNLU9
APNLU10	TCCGTTCGTTTA	10	A10	CCGGACTACHVGGGTWTCTAAT	APNLU10
APNLU11	ACCACCGTAACC	10	A11	CCGGACTACHVGGGTWTCTAAT	APNLU11
APNLU12	CATTTCGCACTT	10	A12	CCGGACTACHVGGGTWTCTAAT	APNLU12
ASNLU1	TTAAGCGCCTGA	10	B1	CCGGACTACHVGGGTWTCTAAT	ASNLU1
ASNLU2	TGCGGGATTCAT	10	B2	CCGGACTACHVGGGTWTCTAAT	ASNLU2
ASNLU3	CAAACTGCGTTG	10	B3	CCGGACTACHVGGGTWTCTAAT	ASNLU3
ASNLU4	TTAGACTCGGAA	10	B4	CCGGACTACHVGGGTWTCTAAT	ASNLU4
ASNLU5	GACCGATAGGGA	10	B5	CCGGACTACHVGGGTWTCTAAT	ASNLU5
ASNLU6	GGCGAACTGAAG	10	B6	CCGGACTACHVGGGTWTCTAAT	ASNLU6
ASNLU7	CGGCACTATCAC	10	B7	CCGGACTACHVGGGTWTCTAAT	ASNLU7
ASNLU8	AGGTGGTGGAGT	10	B8	CCGGACTACHVGGGTWTCTAAT	ASNLU8
ASNLU9	ATTCCCAGAACG	10	B9	CCGGACTACHVGGGTWTCTAAT	ASNLU9
ASNLU10	AGACGTTGCTAC	10	B10	CCGGACTACHVGGGTWTCTAAT	ASNLU10
ASNLU11	AGAATAGCGCTT	10	B11	CCGGACTACHVGGGTWTCTAAT	ASNLU11
ASNLU12	AAGCGTACATTG	10	B12	CCGGACTACHVGGGTWTCTAAT	ASNLU12
ASNLU13	GTTATGACGGAT	10	C1	CCGGACTACHVGGGTWTCTAAT	ASNLU13
ASNLU14	AGCCTCATGATG	10	C2	CCGGACTACHVGGGTWTCTAAT	ASNLU14
AINLU1	GTGTATCGCCAC	10	C3	CCGGACTACHVGGGTWTCTAAT	AINLU1
AINLU2	CCAAACTCGTCG	10	C4	CCGGACTACHVGGGTWTCTAAT	AINLU2
AINLU3	ACGTGAGGAACG	10	C5	CCGGACTACHVGGGTWTCTAAT	AINLU3
AINLU4	TGAATCGAAGCT	10	C6	CCGGACTACHVGGGTWTCTAAT	AINLU4
AINLU5	CTGCAGTAAGTA	10	C7	CCGGACTACHVGGGTWTCTAAT	AINLU5
AINLU6	TATAGGCTCCGC	10	C8	CCGGACTACHVGGGTWTCTAAT	AINLU6
AINLU7	ATCGTGTGTTGG	10	C9	CCGGACTACHVGGGTWTCTAAT	AINLU7
AINLU8	CTTCCGCAGACA	10	C10	CCGGACTACHVGGGTWTCTAAT	AINLU8
AINLU9	GCACTATACGCA	10	C11	CCGGACTACHVGGGTWTCTAAT	AINLU9
AINLU10	TCTGGGCATTGA	10	C12	CCGGACTACHVGGGTWTCTAAT	AINLU10
AINLU11	CCAATGATAAGC	10	D1	CCGGACTACHVGGGTWTCTAAT	AINLU11
AINLU12	TTAAACCGCGCC	10	D2	CCGGACTACHVGGGTWTCTAAT	AINLU12
NLU1	CTTGCATACCGG	10	D3	CCGGACTACHVGGGTWTCTAAT	NLU1
NLU2	GTGCACGATAAT	10	D4	CCGGACTACHVGGGTWTCTAAT	NLU2
NLU3	GGTCTAGGTCTA	10	D5	CCGGACTACHVGGGTWTCTAAT	NLU3
NLU4	TCAGGACGTATC	10	D6	CCGGACTACHVGGGTWTCTAAT	NLU4
NLU5	GAAAGGTGAGAA	10	D7	CCGGACTACHVGGGTWTCTAAT	NLU5
NLU6	GAATATACCTGG	10	D8	CCGGACTACHVGGGTWTCTAAT	NLU6
NLU7	GTCGCTTGCACA	10	D9	CCGGACTACHVGGGTWTCTAAT	NLU7
NLU8	TCTACCACGAAG	10	D10	CCGGACTACHVGGGTWTCTAAT	NLU8
NLU9	AATATCGGGATC	10	D11	CCGGACTACHVGGGTWTCTAAT	NLU9
APNLU1	TAGTGCATTCGG	10	D12	CCGGACTACHVGGGTWTCTAAT	APNLU1
APNLU2	TCAATGACCGCA	10	E1	CCGGACTACHVGGGTWTCTAAT	APNLU2
APNLU3	CTATCGGAAGAT	10	E2	CCGGACTACHVGGGTWTCTAAT	APNLU3
APNLU4	CGGATTGCTGTA	10	E3	CCGGACTACHVGGGTWTCTAAT	APNLU4
APNLU5	GGTACTGTACCA	10	E4	CCGGACTACHVGGGTWTCTAAT	APNLU5
APNLU6	ATCGAATCGAGT	10	E5	CCGGACTACHVGGGTWTCTAAT	APNLU6
APNLU7	CTAGCAGTATGA	10	E6	CCGGACTACHVGGGTWTCTAAT	APNLU7
APNLU8	GTTAATGGCAGT	10	E7	CCGGACTACHVGGGTWTCTAAT	APNLU8
APNLU9	GTATGGAGCTAT	10	E8	CCGGACTACHVGGGTWTCTAAT	APNLU9
APNLU10	CCTTCTGTATAC	10	E9	CCGGACTACHVGGGTWTCTAAT	APNLU10
APNLU11	ACGCTGTCGGTT	10	E10	CCGGACTACHVGGGTWTCTAAT	APNLU11
APNLU12	CTCGTTTCAGTT	10	E11	CCGGACTACHVGGGTWTCTAAT	APNLU12
ASNLU1	GCGAACCTATAC	10	E12	CCGGACTACHVGGGTWTCTAAT	ASNLU1
ASNLU2	CTCTCATATGCT	10	F1	CCGGACTACHVGGGTWTCTAAT	ASNLU2
ASNLU3	CCAGTATCGCGT	10	F2	CCGGACTACHVGGGTWTCTAAT	ASNLU3
ASNLU4	TCGTTTCTTCAG	10	F3	CCGGACTACHVGGGTWTCTAAT	ASNLU4
ASNLU5	AGTACCTAAGTG	10	F4	CCGGACTACHVGGGTWTCTAAT	ASNLU5
ASNLU6	GGATGCAGGATG	10	F5	CCGGACTACHVGGGTWTCTAAT	ASNLU6
ASNLU7	CCACTTGAGAGT	10	F6	CCGGACTACHVGGGTWTCTAAT	ASNLU7
ASNLU8	GCACTTCATTTC	10	F7	CCGGACTACHVGGGTWTCTAAT	ASNLU8
ASNLU9	AGAATCCACCAC	10	F8	CCGGACTACHVGGGTWTCTAAT	ASNLU9
ASNLU10	CTCAAGTCAAAG	10	F9	CCGGACTACHVGGGTWTCTAAT	ASNLU10
ASNLU11	GTACCTAGCCTG	10	F10	CCGGACTACHVGGGTWTCTAAT	ASNLU11
ASNLU12	CACTGAGTACGT	10	F11	CCGGACTACHVGGGTWTCTAAT	ASNLU12
ASNLU13	TCAAGCAATACG	10	F12	CCGGACTACHVGGGTWTCTAAT	ASNLU13
ASNLU14	CATGTTGGAACA	10	G1	CCGGACTACHVGGGTWTCTAAT	ASNLU14
AINLU1	ATGGGACCTTCA	10	G2	CCGGACTACHVGGGTWTCTAAT	AINLU1
AINLU2	GCTATTCCTCAT	10	G3	CCGGACTACHVGGGTWTCTAAT	AINLU2
AINLU3	GTCTCTGAAAGA	10	G4	CCGGACTACHVGGGTWTCTAAT	AINLU3
AINLU4	GTTCTGCTTGTT	10	G5	CCGGACTACHVGGGTWTCTAAT	AINLU4
AINLU5	GTCAAGACCTCA	10	G6	CCGGACTACHVGGGTWTCTAAT	AINLU5
AINLU6	TTGTTACGTTCC	10	G7	CCGGACTACHVGGGTWTCTAAT	AINLU6
AINLU7	CAGTTCGAGATA	10	G8	CCGGACTACHVGGGTWTCTAAT	AINLU7
AINLU8	AATGTCACCAGA	10	G9	CCGGACTACHVGGGTWTCTAAT	AINLU8
AINLU9	CAGCCTGCAAAT	10	G10	CCGGACTACHVGGGTWTCTAAT	AINLU9
AINLU10	TTGCAAGTACCG	10	G11	CCGGACTACHVGGGTWTCTAAT	AINLU10
AINLU11	GCTTCTCTCACT	10	G12	CCGGACTACHVGGGTWTCTAAT	AINLU11
AINLU12	CGAGATAGTTTG	10	H1	CCGGACTACHVGGGTWTCTAAT	AINLU12
NLU1	CGCGTCAAACTA	10	H2	CCGGACTACHVGGGTWTCTAAT	NLU1
NLU2	TTGACACACGAC	10	H3	CCGGACTACHVGGGTWTCTAAT	NLU2
NLU3	ATAAGGTCGCCT	10	H4	CCGGACTACHVGGGTWTCTAAT	NLU3
NLU4	TTGCCCTTTGAT	10	H5	CCGGACTACHVGGGTWTCTAAT	NLU4
NLU5	CCTGGAATTAAG	10	H6	CCGGACTACHVGGGTWTCTAAT	NLU5
NLU6	TGAGACCCTACA	10	H7	CCGGACTACHVGGGTWTCTAAT	NLU6
NLU7	AAGTATCCTGCG	10	H8	CCGGACTACHVGGGTWTCTAAT	NLU7
NLU8	CAAATGGTCGTC	10	H9	CCGGACTACHVGGGTWTCTAAT	NLU8
NLU9	ACACATAAGTCG	10	H10	CCGGACTACHVGGGTWTCTAAT	NLU9
SLU1	TACTGCCAGTGA	10	H11	CCGGACTACHVGGGTWTCTAAT	SLU1
SLU2	GAGTTTACGGTC	10	H12	CCGGACTACHVGGGTWTCTAAT	SLU2
SLU3	GGCACACCCTTA	11	A1	CCGGACTACHVGGGTWTCTAAT	SLU3
SLU4	GTCCAGCTATGA	11	A2	CCGGACTACHVGGGTWTCTAAT	SLU4
SLU5	TCGCGCAACTGT	11	A3	CCGGACTACHVGGGTWTCTAAT	SLU5
SLU6	ATTCCTCTCCAC	11	A4	CCGGACTACHVGGGTWTCTAAT	SLU6
SLU7	TGGTTCATCCTT	11	A5	CCGGACTACHVGGGTWTCTAAT	SLU7
SLU8	AGCACTTTGAGA	11	A6	CCGGACTACHVGGGTWTCTAAT	SLU8
SLU9	CCACGGTACTTG	11	A7	CCGGACTACHVGGGTWTCTAAT	SLU9
SLU10	ACTAGTTGGACC	11	A8	CCGGACTACHVGGGTWTCTAAT	SLU10
SLU11	GATCAACCCACA	11	A9	CCGGACTACHVGGGTWTCTAAT	SLU11
WLU1	ATGCGAGACTTC	11	A10	CCGGACTACHVGGGTWTCTAAT	WLU1
WLU2	CGCTTGTGTAGC	11	A11	CCGGACTACHVGGGTWTCTAAT	WLU2
WLU3	ATGAATGCGTCC	11	A12	CCGGACTACHVGGGTWTCTAAT	WLU3
WLU4	GACTCTGCTCAG	11	B1	CCGGACTACHVGGGTWTCTAAT	WLU4
WLU5	CACGTACACGTA	11	B2	CCGGACTACHVGGGTWTCTAAT	WLU5
WLU6	CAGAGCTAATTG	11	B3	CCGGACTACHVGGGTWTCTAAT	WLU6
WLU7	TTATCCAGTCCT	11	B4	CCGGACTACHVGGGTWTCTAAT	WLU7
WLU8	CTAAGACGTCGT	11	B5	CCGGACTACHVGGGTWTCTAAT	WLU8
WLU9	GGCTCAGATTCC	11	B6	CCGGACTACHVGGGTWTCTAAT	WLU9
WLU10	CTTGGTAGTGCC	11	B7	CCGGACTACHVGGGTWTCTAAT	WLU10
WLU11	GTGCTGCGCTTA	11	B8	CCGGACTACHVGGGTWTCTAAT	WLU11
WLU12	AGTAGGAGGCAC	11	B9	CCGGACTACHVGGGTWTCTAAT	WLU12
ILU1	ACCCGGATTTCG	11	B10	CCGGACTACHVGGGTWTCTAAT	ILU1
ILU2	CGTCCGTATGAA	11	B11	CCGGACTACHVGGGTWTCTAAT	ILU2
ILU3	CGATTAGGAATC	11	B12	CCGGACTACHVGGGTWTCTAAT	ILU3
ILU4	ACGTCTCAGTGC	11	C1	CCGGACTACHVGGGTWTCTAAT	ILU4
ILU5	TAGTAGCACCTG	11	C2	CCGGACTACHVGGGTWTCTAAT	ILU5
ILU6	AGGTCATCTTGG	11	C3	CCGGACTACHVGGGTWTCTAAT	ILU6
ILU7	TGCTGTGACCAC	11	C4	CCGGACTACHVGGGTWTCTAAT	ILU7
ILU8	ACACTTCGGCAA	11	C5	CCGGACTACHVGGGTWTCTAAT	ILU8
ILU9	ACCTCCCGGATA	11	C6	CCGGACTACHVGGGTWTCTAAT	ILU9
ILU10	GAAGAGGGTTGA	11	C7	CCGGACTACHVGGGTWTCTAAT	ILU10
ILU11	AGTAGACTTACG	11	C8	CCGGACTACHVGGGTWTCTAAT	ILU11
ILU12	TGGAAACCATTG	11	C9	CCGGACTACHVGGGTWTCTAAT	ILU12
SRU1	AGTCCGAGTTGT	11	C10	CCGGACTACHVGGGTWTCTAAT	SRU1
SRU2	CCGCGATTTCGA	11	C11	CCGGACTACHVGGGTWTCTAAT	SRU2
SRU3	ACACACCCTGAC	11	C12	CCGGACTACHVGGGTWTCTAAT	SRU3
SRU4	TCACGAGTCACA	11	D1	CCGGACTACHVGGGTWTCTAAT	SRU4
SRU5	CACAAAGCGATT	11	D2	CCGGACTACHVGGGTWTCTAAT	SRU5
SRU6	CACCGTGACACT	11	D3	CCGGACTACHVGGGTWTCTAAT	SRU6
SRU7	GAAGATCTATCG	11	D4	CCGGACTACHVGGGTWTCTAAT	SRU7
SRU8	GACGGAACAGAC	11	D5	CCGGACTACHVGGGTWTCTAAT	SRU8
SRU9	GGACCGCTTTCA	11	D6	CCGGACTACHVGGGTWTCTAAT	SRU9
SRU10	CACGGTCCTATG	11	D7	CCGGACTACHVGGGTWTCTAAT	SRU10
SRU11	GAATGACGTTTG	11	D8	CCGGACTACHVGGGTWTCTAAT	SRU11
WRU1	ACTTACGCCACG	11	D9	CCGGACTACHVGGGTWTCTAAT	WRU1
WRU2	ACGCCTTTCTTA	11	D10	CCGGACTACHVGGGTWTCTAAT	WRU2
WRU3	TTGGTGCCTGTG	11	D11	CCGGACTACHVGGGTWTCTAAT	WRU3
WRU4	CATCGGATCTGA	11	D12	CCGGACTACHVGGGTWTCTAAT	WRU4
WRU5	CATGTCTTCCAT	11	E1	CCGGACTACHVGGGTWTCTAAT	WRU5
WRU6	GTTACAGTTGGC	11	E2	CCGGACTACHVGGGTWTCTAAT	WRU6
WRU7	CGGACTCGTTAC	11	E3	CCGGACTACHVGGGTWTCTAAT	WRU7
WRU8	TCTCGCACTGGA	11	E4	CCGGACTACHVGGGTWTCTAAT	WRU8
WRU9	TTCTGGTCTTGT	11	E5	CCGGACTACHVGGGTWTCTAAT	WRU9
WRU10	GTCCACTTGGAC	11	E6	CCGGACTACHVGGGTWTCTAAT	WRU10
WRU11	GATTTAGAGGCT	11	E7	CCGGACTACHVGGGTWTCTAAT	WRU11
WRU12	GTCAGCCGTTAA	11	E8	CCGGACTACHVGGGTWTCTAAT	WRU12
IRU1	ACGGTTTCTGGA	11	E9	CCGGACTACHVGGGTWTCTAAT	IRU1
IRU2	GCAGCCATATTG	11	E10	CCGGACTACHVGGGTWTCTAAT	IRU2
IRU3	ATAGGTGTGCTA	11	E11	CCGGACTACHVGGGTWTCTAAT	IRU3
IRU4	ACCTAGCTAGTG	11	E12	CCGGACTACHVGGGTWTCTAAT	IRU4
IRU5	GTCCTGACACTG	11	F1	CCGGACTACHVGGGTWTCTAAT	IRU5
IRU6	GGACTCAACTAA	11	F2	CCGGACTACHVGGGTWTCTAAT	IRU6
IRU7	ATACGGGTTCGT	11	F3	CCGGACTACHVGGGTWTCTAAT	IRU7
IRU8	CCTTTCACCTGT	11	F4	CCGGACTACHVGGGTWTCTAAT	IRU8
IRU9	ATCAGCCAGCTC	11	F5	CCGGACTACHVGGGTWTCTAAT	IRU9
IRU10	GCTCCACAACGT	11	F6	CCGGACTACHVGGGTWTCTAAT	IRU10
IRU11	AAGGAGTGCGCA	11	F7	CCGGACTACHVGGGTWTCTAAT	IRU11
IRU12	AGGGAAAGGATC	11	F8	CCGGACTACHVGGGTWTCTAAT	IRU12
SLU1	ACGACGCATTTG	11	F9	CCGGACTACHVGGGTWTCTAAT	SLU1
SLU2	CGTCACTCCAAG	11	F10	CCGGACTACHVGGGTWTCTAAT	SLU2
SLU3	TTACACAAAGGC	11	F11	CCGGACTACHVGGGTWTCTAAT	SLU3
SLU4	GTATAGTCCGTG	11	F12	CCGGACTACHVGGGTWTCTAAT	SLU4
SLU5	TCGTAAGCCGTC	11	G1	CCGGACTACHVGGGTWTCTAAT	SLU5
SLU6	TGACGCCTCCAA	11	G2	CCGGACTACHVGGGTWTCTAAT	SLU6
SLU7	TTCTCGGTTCTC	11	G3	CCGGACTACHVGGGTWTCTAAT	SLU7
SLU8	GCTACTGGTATG	11	G4	CCGGACTACHVGGGTWTCTAAT	SLU8
SLU9	GAATCCTCACCG	11	G5	CCGGACTACHVGGGTWTCTAAT	SLU9
SLU10	CCTGACACACAC	11	G6	CCGGACTACHVGGGTWTCTAAT	SLU10
SLU11	CAGCGTTTAGCC	11	G7	CCGGACTACHVGGGTWTCTAAT	SLU11
WLU1	GGTATGGCTACT	11	G8	CCGGACTACHVGGGTWTCTAAT	WLU1
WLU2	ACAATGTCACAG	11	G9	CCGGACTACHVGGGTWTCTAAT	WLU2
WLU3	GCCATAGTGTGT	11	G10	CCGGACTACHVGGGTWTCTAAT	WLU3
WLU4	GGTCCCGAAATT	11	G11	CCGGACTACHVGGGTWTCTAAT	WLU4
WLU5	TCTGCGAGTCTG	11	G12	CCGGACTACHVGGGTWTCTAAT	WLU5
WLU6	ATGTAGGCTTAG	11	H1	CCGGACTACHVGGGTWTCTAAT	WLU6
WLU7	TGCTTCCAATTC	11	H2	CCGGACTACHVGGGTWTCTAAT	WLU7
WLU8	GCCGAGATAATT	11	H3	CCGGACTACHVGGGTWTCTAAT	WLU8
WLU9	TCGAGTATCGAA	11	H4	CCGGACTACHVGGGTWTCTAAT	WLU9
WLU10	GCCCTATCTTCT	11	H5	CCGGACTACHVGGGTWTCTAAT	WLU10
WLU11	AGGTACGCAATT	11	H6	CCGGACTACHVGGGTWTCTAAT	WLU11
WLU12	GTCCCTATTATC	11	H7	CCGGACTACHVGGGTWTCTAAT	WLU12
ILU1	TGGGACATATCC	11	H8	CCGGACTACHVGGGTWTCTAAT	ILU1
ILU2	GAACGATCATGT	11	H9	CCGGACTACHVGGGTWTCTAAT	ILU2
ILU3	TTCAGACCAGCC	11	H10	CCGGACTACHVGGGTWTCTAAT	ILU3
ILU4	ACGCATCGCACT	11	H11	CCGGACTACHVGGGTWTCTAAT	ILU4
ILU5	CAGTAGCGATAT	11	H12	CCGGACTACHVGGGTWTCTAAT	ILU5
ILU6	CTACCGATTGCG	8	A1	CCGGACTACHVGGGTWTCTAAT	ILU6
ILU7	TCACCCAAGGTA	8	A2	CCGGACTACHVGGGTWTCTAAT	ILU7
ILU8	AGCCAGTCATAC	8	A3	CCGGACTACHVGGGTWTCTAAT	ILU8
ILU9	TAACGGCGCTCT	8	A4	CCGGACTACHVGGGTWTCTAAT	ILU9
ILU10	GTTTGCTCGAGA	8	A5	CCGGACTACHVGGGTWTCTAAT	ILU10
ILU11	CAAACGCACTAA	8	A6	CCGGACTACHVGGGTWTCTAAT	ILU11
ILU12	GAACAAAGAGCG	8	A7	CCGGACTACHVGGGTWTCTAAT	ILU12
SRU1	GCTAAGTGATGT	8	A8	CCGGACTACHVGGGTWTCTAAT	SRU1
SRU2	AAGGGACAAGTG	8	A9	CCGGACTACHVGGGTWTCTAAT	SRU2
SRU3	AGTGTCGATTCG	8	A10	CCGGACTACHVGGGTWTCTAAT	SRU3
SRU4	CTATTAAGCGGC	8	A11	CCGGACTACHVGGGTWTCTAAT	SRU4
SRU5	CCTACCATTGTT	8	A12	CCGGACTACHVGGGTWTCTAAT	SRU5
SRU6	GAGTCCGTTGCT	8	B1	CCGGACTACHVGGGTWTCTAAT	SRU6
SRU7	GATAACTGTACG	8	B2	CCGGACTACHVGGGTWTCTAAT	SRU7
SRU8	TAAACCTGGACA	8	B3	CCGGACTACHVGGGTWTCTAAT	SRU8
SRU9	CCGAATTGACAA	8	B4	CCGGACTACHVGGGTWTCTAAT	SRU9
SRU10	CTGGCATCTAGC	8	B5	CCGGACTACHVGGGTWTCTAAT	SRU10
SRU11	GGTGGTCGTTCT	8	B6	CCGGACTACHVGGGTWTCTAAT	SRU11
WRU1	ACTATGGGCTAA	8	B7	CCGGACTACHVGGGTWTCTAAT	WRU1
WRU2	GCATTGAGTTCG	8	B8	CCGGACTACHVGGGTWTCTAAT	WRU2
WRU3	GTTGCTGAGTCC	8	B9	CCGGACTACHVGGGTWTCTAAT	WRU3
WRU4	CTATGGTGAACC	8	B10	CCGGACTACHVGGGTWTCTAAT	WRU4
WRU5	GGACCAAGGGAT	8	B11	CCGGACTACHVGGGTWTCTAAT	WRU5
WRU6	GTATTGGTCAGA	8	B12	CCGGACTACHVGGGTWTCTAAT	WRU6
WRU7	AGAACCGTCATA	8	C1	CCGGACTACHVGGGTWTCTAAT	WRU7
WRU8	AACTGGAACCCT	8	C2	CCGGACTACHVGGGTWTCTAAT	WRU8
WRU9	ATACTCGGCTGC	8	C3	CCGGACTACHVGGGTWTCTAAT	WRU9
WRU10	ACGCTTAACGAC	8	C4	CCGGACTACHVGGGTWTCTAAT	WRU10
WRU11	AGCTTACCGACC	8	C5	CCGGACTACHVGGGTWTCTAAT	WRU11
WRU12	AGGGCTATAGTT	8	C6	CCGGACTACHVGGGTWTCTAAT	WRU12
IRU1	TGTCTCGCAAGC	8	C7	CCGGACTACHVGGGTWTCTAAT	IRU1
IRU2	CAGCCGCATATC	8	C8	CCGGACTACHVGGGTWTCTAAT	IRU2
IRU3	GATACGTTCGCA	8	C9	CCGGACTACHVGGGTWTCTAAT	IRU3
IRU4	CCAAGATTCGCC	8	C10	CCGGACTACHVGGGTWTCTAAT	IRU4
IRU5	GAGGCTGATTTA	8	C11	CCGGACTACHVGGGTWTCTAAT	IRU5
IRU6	GAGTTAGCATCA	8	C12	CCGGACTACHVGGGTWTCTAAT	IRU6
IRU7	TGTAGTATAGGC	8	D1	CCGGACTACHVGGGTWTCTAAT	IRU7
IRU8	CTCACGCAATGC	8	D2	CCGGACTACHVGGGTWTCTAAT	IRU8
IRU9	GTCCCGTGAAAT	8	D3	CCGGACTACHVGGGTWTCTAAT	IRU9
IRU10	GGACAGTGTATT	8	D4	CCGGACTACHVGGGTWTCTAAT	IRU10
IRU11	ACACGACTATAG	8	D5	CCGGACTACHVGGGTWTCTAAT	IRU11
IRU12	GTGTAGGTGCTT	8	D6	CCGGACTACHVGGGTWTCTAAT	IRU12
ASWLU1	TGAACTAGCGTC	8	D7	CCGGACTACHVGGGTWTCTAAT	ASWLU1
ASWLU2	TCCGAGTCACCA	8	D8	CCGGACTACHVGGGTWTCTAAT	ASWLU2
ASWLU3	TCCTCTTTGGTC	8	D9	CCGGACTACHVGGGTWTCTAAT	ASWLU3
ASWLU4	TCCACCCTCTAT	8	D10	CCGGACTACHVGGGTWTCTAAT	ASWLU4
ASWLU5	TCGTGACGCTAA	8	D11	CCGGACTACHVGGGTWTCTAAT	ASWLU5
ASWLU6	ACGGCTAGTTCC	8	D12	CCGGACTACHVGGGTWTCTAAT	ASWLU6
ASWLU7	GCACTGGCATAT	8	E1	CCGGACTACHVGGGTWTCTAAT	ASWLU7
ASWLU8	GGCATTAGTTGA	8	E2	CCGGACTACHVGGGTWTCTAAT	ASWLU8
ASWLU9	CGGTAGTTGATC	8	E3	CCGGACTACHVGGGTWTCTAAT	ASWLU9
ASWLU10	TGAAAGCGGCGA	8	E4	CCGGACTACHVGGGTWTCTAAT	ASWLU10
ASWLU11	GGTTACGGTTAC	8	E5	CCGGACTACHVGGGTWTCTAAT	ASWLU11
ASWLU12	ACATCAGGTCAC	8	E6	CCGGACTACHVGGGTWTCTAAT	ASWLU12
WLU13	GTTGATACGATG	8	E7	CCGGACTACHVGGGTWTCTAAT	WLU13
WLU14	CAGACACTTCCG	8	E8	CCGGACTACHVGGGTWTCTAAT	WLU14
WLU15	TCACCATCCGAG	8	E9	CCGGACTACHVGGGTWTCTAAT	WLU15
WLU16	ACCCACCACTAG	8	E10	CCGGACTACHVGGGTWTCTAAT	WLU16
WLU17	CAGAAGGTGTGG	8	E11	CCGGACTACHVGGGTWTCTAAT	WLU17
WLU18	GAAGCTTGAATC	8	E12	CCGGACTACHVGGGTWTCTAAT	WLU18
WLU19	ACTAGGATCAGT	8	F1	CCGGACTACHVGGGTWTCTAAT	WLU19
WLU20	GCTCCTTAGAAG	8	F2	CCGGACTACHVGGGTWTCTAAT	WLU20
WLU21	TCCCATTCCCAT	8	F3	CCGGACTACHVGGGTWTCTAAT	WLU21
WLU22	TGGCGTCATTCG	8	F4	CCGGACTACHVGGGTWTCTAAT	WLU22
WLU23	AATCCTCGGAGT	8	F5	CCGGACTACHVGGGTWTCTAAT	WLU23
WLU24	CTGGACGCATTA	8	F6	CCGGACTACHVGGGTWTCTAAT	WLU24
ASWRU1	ACCGATTAGGTA	8	F7	CCGGACTACHVGGGTWTCTAAT	ASWRU1
ASWRU2	ATGTGCTGCTCG	8	F8	CCGGACTACHVGGGTWTCTAAT	ASWRU2
ASWRU3	TACGTACGAAAC	8	F9	CCGGACTACHVGGGTWTCTAAT	ASWRU3
ASWRU4	ATCACATTCTCC	8	F10	CCGGACTACHVGGGTWTCTAAT	ASWRU4
ASWRU5	AGCCTGGTACCT	8	F11	CCGGACTACHVGGGTWTCTAAT	ASWRU5
ASWRU6	GCTAAAGTCGTA	8	F12	CCGGACTACHVGGGTWTCTAAT	ASWRU6
ASWRU7	TCTCAGCGCGTA	8	G1	CCGGACTACHVGGGTWTCTAAT	ASWRU7
ASWRU8	GACCCTAGACCT	8	G2	CCGGACTACHVGGGTWTCTAAT	ASWRU8
ASWRU9	TATTCAGCGGAC	8	G3	CCGGACTACHVGGGTWTCTAAT	ASWRU9
ASWRU10	GTTCCGGATTAG	8	G4	CCGGACTACHVGGGTWTCTAAT	ASWRU10
ASWRU11	GCGTGTAATTAG	8	G5	CCGGACTACHVGGGTWTCTAAT	ASWRU11
ASWRU12	CTGTAGCTTGGC	8	G6	CCGGACTACHVGGGTWTCTAAT	ASWRU12
WRU13	ATGCCTCGTAAG	8	G7	CCGGACTACHVGGGTWTCTAAT	WRU13
WRU14	ACCTATGGTGAA	8	G8	CCGGACTACHVGGGTWTCTAAT	WRU14
WRU15	CTGTTACAGCGA	8	G9	CCGGACTACHVGGGTWTCTAAT	WRU15
WRU16	CAGTCAGGCCTT	8	G10	CCGGACTACHVGGGTWTCTAAT	WRU16
WRU17	ACTGAGCTGCAT	8	G11	CCGGACTACHVGGGTWTCTAAT	WRU17
WRU18	ACGAAGTCTACC	8	G12	CCGGACTACHVGGGTWTCTAAT	WRU18
WRU19	ACCGTCTTTCTC	8	H1	CCGGACTACHVGGGTWTCTAAT	WRU19
WRU20	AGTCTGTCTGCG	8	H2	CCGGACTACHVGGGTWTCTAAT	WRU20
WRU21	CCGCACTCAAGT	8	H3	CCGGACTACHVGGGTWTCTAAT	WRU21
WRU22	TGTGGAAACTCC	8	H4	CCGGACTACHVGGGTWTCTAAT	WRU22
WRU23	TTAGGCAGGTTC	8	H5	CCGGACTACHVGGGTWTCTAAT	WRU23
WRU24	TAAGACTACTGG	8	H6	CCGGACTACHVGGGTWTCTAAT	WRU24
ASWLU1	CGCGAAGTTTCA	8	H7	CCGGACTACHVGGGTWTCTAAT	ASWLU1
ASWLU2	CGATACACTGCC	8	H8	CCGGACTACHVGGGTWTCTAAT	ASWLU2
ASWLU3	TTGAAATCCCGG	8	H9	CCGGACTACHVGGGTWTCTAAT	ASWLU3
ASWLU4	GTTAGGGAGCGA	8	H10	CCGGACTACHVGGGTWTCTAAT	ASWLU4
ASWLU5	TTACTGTGGCCG	8	H11	CCGGACTACHVGGGTWTCTAAT	ASWLU5
ASWLU6	ATATAAGGCCCA	8	H12	CCGGACTACHVGGGTWTCTAAT	ASWLU6
ASWLU7	GGTAAGTTTGAC	7	E1	CCGGACTACHVGGGTWTCTAAT	ASWLU7
ASWLU8	CTACCACGGTAC	7	E2	CCGGACTACHVGGGTWTCTAAT	ASWLU8
ASWLU9	CGGTCTGTCTGA	7	E3	CCGGACTACHVGGGTWTCTAAT	ASWLU9
ASWLU10	GTACATGTCGCC	7	E4	CCGGACTACHVGGGTWTCTAAT	ASWLU10
ASWLU11	TTCTAGAGTGCG	7	E5	CCGGACTACHVGGGTWTCTAAT	ASWLU11
ASWLU12	ACGGATGTTATG	7	E6	CCGGACTACHVGGGTWTCTAAT	ASWLU12
WLU13	TTGAGGCTACAA	7	E7	CCGGACTACHVGGGTWTCTAAT	WLU13
WLU14	GTAGGAACCGGA	7	E8	CCGGACTACHVGGGTWTCTAAT	WLU14
WLU15	ACATCTAGCAGA	7	E9	CCGGACTACHVGGGTWTCTAAT	WLU15
WLU16	CCGACATTGTAG	7	E10	CCGGACTACHVGGGTWTCTAAT	WLU16
WLU17	CATGTAAGGCTC	7	E11	CCGGACTACHVGGGTWTCTAAT	WLU17
WLU18	TGCAAGCTAAGT	7	E12	CCGGACTACHVGGGTWTCTAAT	WLU18
WLU19	GTGTGTGCCATA	7	F1	CCGGACTACHVGGGTWTCTAAT	WLU19
WLU20	TGACAACCGAAT	7	F2	CCGGACTACHVGGGTWTCTAAT	WLU20
WLU21	TAGGCTCGTGCT	7	F3	CCGGACTACHVGGGTWTCTAAT	WLU21
WLU22	CTCCTTAAGGCG	7	F4	CCGGACTACHVGGGTWTCTAAT	WLU22
WLU23	TTGCCTGGGTCA	7	F5	CCGGACTACHVGGGTWTCTAAT	WLU23
WLU24	CAATTCTGCTTC	7	F6	CCGGACTACHVGGGTWTCTAAT	WLU24
ASWRU1	ACTGGCAAACCT	7	F7	CCGGACTACHVGGGTWTCTAAT	ASWRU1
ASWRU2	AATCAGAGCTTG	7	F8	CCGGACTACHVGGGTWTCTAAT	ASWRU2
ASWRU3	CAATGTAGACAC	7	F9	CCGGACTACHVGGGTWTCTAAT	ASWRU3
ASWRU4	TGGCGATACGTT	7	F10	CCGGACTACHVGGGTWTCTAAT	ASWRU4
ASWRU5	GCCTTACGATAG	7	F11	CCGGACTACHVGGGTWTCTAAT	ASWRU5
ASWRU6	TACCTGTGTCTT	7	F12	CCGGACTACHVGGGTWTCTAAT	ASWRU6
ASWRU7	AACGAGGCAACG	7	G1	CCGGACTACHVGGGTWTCTAAT	ASWRU7
ASWRU8	GAAGACAGCGAC	7	G2	CCGGACTACHVGGGTWTCTAAT	ASWRU8
ASWRU9	ACACCTGCGATC	7	G3	CCGGACTACHVGGGTWTCTAAT	ASWRU9
ASWRU10	GGCGTTGCATTC	7	G4	CCGGACTACHVGGGTWTCTAAT	ASWRU10
ASWRU11	ACTAGCGTTCAG	7	G5	CCGGACTACHVGGGTWTCTAAT	ASWRU11
ASWRU12	TTGCGACAAAGT	7	G6	CCGGACTACHVGGGTWTCTAAT	ASWRU12
WRU13	TGCGAGTATATG	7	G7	CCGGACTACHVGGGTWTCTAAT	WRU13
WRU14	TACCACAACGAA	7	G8	CCGGACTACHVGGGTWTCTAAT	WRU14
WRU15	TCTGGAACGGTT	7	G9	CCGGACTACHVGGGTWTCTAAT	WRU15
WRU16	GTACTACCTCGG	7	G10	CCGGACTACHVGGGTWTCTAAT	WRU16
WRU17	TTCCTGTTAACC	7	G11	CCGGACTACHVGGGTWTCTAAT	WRU17
WRU18	CTATCCAAGTGG	7	G12	CCGGACTACHVGGGTWTCTAAT	WRU18
WRU19	CAGTCTAGTACG	7	H1	CCGGACTACHVGGGTWTCTAAT	WRU19
WRU20	GTGTCCGGATTC	7	H2	CCGGACTACHVGGGTWTCTAAT	WRU20
WRU21	TGTGGTGATGTA	7	H3	CCGGACTACHVGGGTWTCTAAT	WRU21
WRU22	CTTTCGTTCAAC	7	H4	CCGGACTACHVGGGTWTCTAAT	WRU22
WRU23	CCGAAGATTCTG	7	H5	CCGGACTACHVGGGTWTCTAAT	WRU23
WRU24	GTTGGCGTTACA	7	H6	CCGGACTACHVGGGTWTCTAAT	WRU24