SampleID	BarcodeSequence	LinkerPrimerSequence	techrep	animal	group	antibiotic	left_aspiration	right_aspiration	sample_aspiration	lung	treated_lung	BarcodePlate	Well	Description
APNLU1.1	CGTACCAGATCC	CCGGACTACHVGGGTWTCTAAT	1	1	APNLU	oral	none	none	none	left	TRUE	10	A1	APNLU1
APNLU2.1	ATGTTTAGACGG	CCGGACTACHVGGGTWTCTAAT	1	2	APNLU	oral	none	none	none	left	TRUE	10	A2	APNLU2
APNLU3.1	ACATGTCACGTG	CCGGACTACHVGGGTWTCTAAT	1	3	APNLU	oral	none	none	none	left	TRUE	10	A3	APNLU3
APNLU4.1	CTTTAGCGCTGG	CCGGACTACHVGGGTWTCTAAT	1	4	APNLU	oral	none	none	none	left	TRUE	10	A4	APNLU4
APNLU5.1	CTGGTCTTACGG	CCGGACTACHVGGGTWTCTAAT	1	5	APNLU	oral	none	none	none	left	TRUE	10	A5	APNLU5
APNLU6.1	CAAGTCGAATAC	CCGGACTACHVGGGTWTCTAAT	1	6	APNLU	oral	none	none	none	left	TRUE	10	A6	APNLU6
APNLU7.1	GCAAGTGTGAGG	CCGGACTACHVGGGTWTCTAAT	1	7	APNLU	oral	none	none	none	left	TRUE	10	A7	APNLU7
APNLU8.1	CTCGGTCAACCA	CCGGACTACHVGGGTWTCTAAT	1	8	APNLU	oral	none	none	none	left	TRUE	10	A8	APNLU8
APNLU9.1	ACCCTATTGCGG	CCGGACTACHVGGGTWTCTAAT	1	9	APNLU	oral	none	none	none	left	TRUE	10	A9	APNLU9
APNLU10.1	TCCGTTCGTTTA	CCGGACTACHVGGGTWTCTAAT	1	10	APNLU	oral	none	none	none	left	TRUE	10	A10	APNLU10
APNLU11.1	ACCACCGTAACC	CCGGACTACHVGGGTWTCTAAT	1	11	APNLU	oral	none	none	none	left	TRUE	10	A11	APNLU11
APNLU12.1	CATTTCGCACTT	CCGGACTACHVGGGTWTCTAAT	1	12	APNLU	oral	none	none	none	left	TRUE	10	A12	APNLU12
ASNLU1.1	TTAAGCGCCTGA	CCGGACTACHVGGGTWTCTAAT	1	1	ASNLU	subq	none	none	none	left	TRUE	10	B1	ASNLU1
ASNLU2.1	TGCGGGATTCAT	CCGGACTACHVGGGTWTCTAAT	1	2	ASNLU	subq	none	none	none	left	TRUE	10	B2	ASNLU2
ASNLU3.1	CAAACTGCGTTG	CCGGACTACHVGGGTWTCTAAT	1	3	ASNLU	subq	none	none	none	left	TRUE	10	B3	ASNLU3
ASNLU4.1	TTAGACTCGGAA	CCGGACTACHVGGGTWTCTAAT	1	4	ASNLU	subq	none	none	none	left	TRUE	10	B4	ASNLU4
ASNLU5.1	GACCGATAGGGA	CCGGACTACHVGGGTWTCTAAT	1	5	ASNLU	subq	none	none	none	left	TRUE	10	B5	ASNLU5
ASNLU6.1	GGCGAACTGAAG	CCGGACTACHVGGGTWTCTAAT	1	6	ASNLU	subq	none	none	none	left	TRUE	10	B6	ASNLU6
ASNLU7.1	CGGCACTATCAC	CCGGACTACHVGGGTWTCTAAT	1	7	ASNLU	subq	none	none	none	left	TRUE	10	B7	ASNLU7
ASNLU8.1	AGGTGGTGGAGT	CCGGACTACHVGGGTWTCTAAT	1	8	ASNLU	subq	none	none	none	left	TRUE	10	B8	ASNLU8
ASNLU9.1	ATTCCCAGAACG	CCGGACTACHVGGGTWTCTAAT	1	9	ASNLU	subq	none	none	none	left	TRUE	10	B9	ASNLU9
ASNLU10.1	AGACGTTGCTAC	CCGGACTACHVGGGTWTCTAAT	1	10	ASNLU	subq	none	none	none	left	TRUE	10	B10	ASNLU10
ASNLU11.1	AGAATAGCGCTT	CCGGACTACHVGGGTWTCTAAT	1	11	ASNLU	subq	none	none	none	left	TRUE	10	B11	ASNLU11
ASNLU12.1	AAGCGTACATTG	CCGGACTACHVGGGTWTCTAAT	1	12	ASNLU	subq	none	none	none	left	TRUE	10	B12	ASNLU12
ASNLU13.1	GTTATGACGGAT	CCGGACTACHVGGGTWTCTAAT	1	13	ASNLU	subq	none	none	none	left	TRUE	10	C1	ASNLU13
ASNLU14.1	AGCCTCATGATG	CCGGACTACHVGGGTWTCTAAT	1	14	ASNLU	subq	none	none	none	left	TRUE	10	C2	ASNLU14
AINLU1.1	GTGTATCGCCAC	CCGGACTACHVGGGTWTCTAAT	1	1	AINLU	iv	none	none	none	left	TRUE	10	C3	AINLU1
AINLU2.1	CCAAACTCGTCG	CCGGACTACHVGGGTWTCTAAT	1	2	AINLU	iv	none	none	none	left	TRUE	10	C4	AINLU2
AINLU3.1	ACGTGAGGAACG	CCGGACTACHVGGGTWTCTAAT	1	3	AINLU	iv	none	none	none	left	TRUE	10	C5	AINLU3
AINLU4.1	TGAATCGAAGCT	CCGGACTACHVGGGTWTCTAAT	1	4	AINLU	iv	none	none	none	left	TRUE	10	C6	AINLU4
AINLU5.1	CTGCAGTAAGTA	CCGGACTACHVGGGTWTCTAAT	1	5	AINLU	iv	none	none	none	left	TRUE	10	C7	AINLU5
AINLU6.1	TATAGGCTCCGC	CCGGACTACHVGGGTWTCTAAT	1	6	AINLU	iv	none	none	none	left	TRUE	10	C8	AINLU6
AINLU7.1	ATCGTGTGTTGG	CCGGACTACHVGGGTWTCTAAT	1	7	AINLU	iv	none	none	none	left	TRUE	10	C9	AINLU7
AINLU8.1	CTTCCGCAGACA	CCGGACTACHVGGGTWTCTAAT	1	8	AINLU	iv	none	none	none	left	TRUE	10	C10	AINLU8
AINLU9.1	GCACTATACGCA	CCGGACTACHVGGGTWTCTAAT	1	9	AINLU	iv	none	none	none	left	TRUE	10	C11	AINLU9
AINLU10.1	TCTGGGCATTGA	CCGGACTACHVGGGTWTCTAAT	1	10	AINLU	iv	none	none	none	left	TRUE	10	C12	AINLU10
AINLU11.1	CCAATGATAAGC	CCGGACTACHVGGGTWTCTAAT	1	11	AINLU	iv	none	none	none	left	TRUE	10	D1	AINLU11
AINLU12.1	TTAAACCGCGCC	CCGGACTACHVGGGTWTCTAAT	1	12	AINLU	iv	none	none	none	left	TRUE	10	D2	AINLU12
NLU1.1	CTTGCATACCGG	CCGGACTACHVGGGTWTCTAAT	1	1	NLU	none	none	none	none	left	TRUE	10	D3	NLU1
NLU2.1	GTGCACGATAAT	CCGGACTACHVGGGTWTCTAAT	1	2	NLU	none	none	none	none	left	TRUE	10	D4	NLU2
NLU3.1	GGTCTAGGTCTA	CCGGACTACHVGGGTWTCTAAT	1	3	NLU	none	none	none	none	left	TRUE	10	D5	NLU3
NLU4.1	TCAGGACGTATC	CCGGACTACHVGGGTWTCTAAT	1	4	NLU	none	none	none	none	left	TRUE	10	D6	NLU4
NLU5.1	GAAAGGTGAGAA	CCGGACTACHVGGGTWTCTAAT	1	5	NLU	none	none	none	none	left	TRUE	10	D7	NLU5
NLU6.1	GAATATACCTGG	CCGGACTACHVGGGTWTCTAAT	1	6	NLU	none	none	none	none	left	TRUE	10	D8	NLU6
NLU7.1	GTCGCTTGCACA	CCGGACTACHVGGGTWTCTAAT	1	7	NLU	none	none	none	none	left	TRUE	10	D9	NLU7
NLU8.1	TCTACCACGAAG	CCGGACTACHVGGGTWTCTAAT	1	8	NLU	none	none	none	none	left	TRUE	10	D10	NLU8
NLU9.1	AATATCGGGATC	CCGGACTACHVGGGTWTCTAAT	1	9	NLU	none	none	none	none	left	TRUE	10	D11	NLU9
APNLU1.2	TAGTGCATTCGG	CCGGACTACHVGGGTWTCTAAT	2	1	APNLU	oral	none	none	none	left	TRUE	10	D12	APNLU1
APNLU2.2	TCAATGACCGCA	CCGGACTACHVGGGTWTCTAAT	2	2	APNLU	oral	none	none	none	left	TRUE	10	E1	APNLU2
APNLU3.2	CTATCGGAAGAT	CCGGACTACHVGGGTWTCTAAT	2	3	APNLU	oral	none	none	none	left	TRUE	10	E2	APNLU3
APNLU4.2	CGGATTGCTGTA	CCGGACTACHVGGGTWTCTAAT	2	4	APNLU	oral	none	none	none	left	TRUE	10	E3	APNLU4
APNLU5.2	GGTACTGTACCA	CCGGACTACHVGGGTWTCTAAT	2	5	APNLU	oral	none	none	none	left	TRUE	10	E4	APNLU5
APNLU6.2	ATCGAATCGAGT	CCGGACTACHVGGGTWTCTAAT	2	6	APNLU	oral	none	none	none	left	TRUE	10	E5	APNLU6
APNLU7.2	CTAGCAGTATGA	CCGGACTACHVGGGTWTCTAAT	2	7	APNLU	oral	none	none	none	left	TRUE	10	E6	APNLU7
APNLU8.2	GTTAATGGCAGT	CCGGACTACHVGGGTWTCTAAT	2	8	APNLU	oral	none	none	none	left	TRUE	10	E7	APNLU8
APNLU9.2	GTATGGAGCTAT	CCGGACTACHVGGGTWTCTAAT	2	9	APNLU	oral	none	none	none	left	TRUE	10	E8	APNLU9
APNLU10.2	CCTTCTGTATAC	CCGGACTACHVGGGTWTCTAAT	2	10	APNLU	oral	none	none	none	left	TRUE	10	E9	APNLU10
APNLU11.2	ACGCTGTCGGTT	CCGGACTACHVGGGTWTCTAAT	2	11	APNLU	oral	none	none	none	left	TRUE	10	E10	APNLU11
APNLU12.2	CTCGTTTCAGTT	CCGGACTACHVGGGTWTCTAAT	2	12	APNLU	oral	none	none	none	left	TRUE	10	E11	APNLU12
ASNLU1.2	GCGAACCTATAC	CCGGACTACHVGGGTWTCTAAT	2	1	ASNLU	subq	none	none	none	left	TRUE	10	E12	ASNLU1
ASNLU2.2	CTCTCATATGCT	CCGGACTACHVGGGTWTCTAAT	2	2	ASNLU	subq	none	none	none	left	TRUE	10	F1	ASNLU2
ASNLU3.2	CCAGTATCGCGT	CCGGACTACHVGGGTWTCTAAT	2	3	ASNLU	subq	none	none	none	left	TRUE	10	F2	ASNLU3
ASNLU4.2	TCGTTTCTTCAG	CCGGACTACHVGGGTWTCTAAT	2	4	ASNLU	subq	none	none	none	left	TRUE	10	F3	ASNLU4
ASNLU5.2	AGTACCTAAGTG	CCGGACTACHVGGGTWTCTAAT	2	5	ASNLU	subq	none	none	none	left	TRUE	10	F4	ASNLU5
ASNLU6.2	GGATGCAGGATG	CCGGACTACHVGGGTWTCTAAT	2	6	ASNLU	subq	none	none	none	left	TRUE	10	F5	ASNLU6
ASNLU7.2	CCACTTGAGAGT	CCGGACTACHVGGGTWTCTAAT	2	7	ASNLU	subq	none	none	none	left	TRUE	10	F6	ASNLU7
ASNLU8.2	GCACTTCATTTC	CCGGACTACHVGGGTWTCTAAT	2	8	ASNLU	subq	none	none	none	left	TRUE	10	F7	ASNLU8
ASNLU9.2	AGAATCCACCAC	CCGGACTACHVGGGTWTCTAAT	2	9	ASNLU	subq	none	none	none	left	TRUE	10	F8	ASNLU9
ASNLU10.2	CTCAAGTCAAAG	CCGGACTACHVGGGTWTCTAAT	2	10	ASNLU	subq	none	none	none	left	TRUE	10	F9	ASNLU10
ASNLU11.2	GTACCTAGCCTG	CCGGACTACHVGGGTWTCTAAT	2	11	ASNLU	subq	none	none	none	left	TRUE	10	F10	ASNLU11
ASNLU12.2	CACTGAGTACGT	CCGGACTACHVGGGTWTCTAAT	2	12	ASNLU	subq	none	none	none	left	TRUE	10	F11	ASNLU12
ASNLU13.2	TCAAGCAATACG	CCGGACTACHVGGGTWTCTAAT	2	13	ASNLU	subq	none	none	none	left	TRUE	10	F12	ASNLU13
ASNLU14.2	CATGTTGGAACA	CCGGACTACHVGGGTWTCTAAT	2	14	ASNLU	subq	none	none	none	left	TRUE	10	G1	ASNLU14
AINLU1.2	ATGGGACCTTCA	CCGGACTACHVGGGTWTCTAAT	2	1	AINLU	iv	none	none	none	left	TRUE	10	G2	AINLU1
AINLU2.2	GCTATTCCTCAT	CCGGACTACHVGGGTWTCTAAT	2	2	AINLU	iv	none	none	none	left	TRUE	10	G3	AINLU2
AINLU3.2	GTCTCTGAAAGA	CCGGACTACHVGGGTWTCTAAT	2	3	AINLU	iv	none	none	none	left	TRUE	10	G4	AINLU3
AINLU4.2	GTTCTGCTTGTT	CCGGACTACHVGGGTWTCTAAT	2	4	AINLU	iv	none	none	none	left	TRUE	10	G5	AINLU4
AINLU5.2	GTCAAGACCTCA	CCGGACTACHVGGGTWTCTAAT	2	5	AINLU	iv	none	none	none	left	TRUE	10	G6	AINLU5
AINLU6.2	TTGTTACGTTCC	CCGGACTACHVGGGTWTCTAAT	2	6	AINLU	iv	none	none	none	left	TRUE	10	G7	AINLU6
AINLU7.2	CAGTTCGAGATA	CCGGACTACHVGGGTWTCTAAT	2	7	AINLU	iv	none	none	none	left	TRUE	10	G8	AINLU7
AINLU8.2	AATGTCACCAGA	CCGGACTACHVGGGTWTCTAAT	2	8	AINLU	iv	none	none	none	left	TRUE	10	G9	AINLU8
AINLU9.2	CAGCCTGCAAAT	CCGGACTACHVGGGTWTCTAAT	2	9	AINLU	iv	none	none	none	left	TRUE	10	G10	AINLU9
AINLU10.2	TTGCAAGTACCG	CCGGACTACHVGGGTWTCTAAT	2	10	AINLU	iv	none	none	none	left	TRUE	10	G11	AINLU10
AINLU11.2	GCTTCTCTCACT	CCGGACTACHVGGGTWTCTAAT	2	11	AINLU	iv	none	none	none	left	TRUE	10	G12	AINLU11
AINLU12.2	CGAGATAGTTTG	CCGGACTACHVGGGTWTCTAAT	2	12	AINLU	iv	none	none	none	left	TRUE	10	H1	AINLU12
NLU1.2	CGCGTCAAACTA	CCGGACTACHVGGGTWTCTAAT	2	1	NLU	none	none	none	none	left	TRUE	10	H2	NLU1
NLU2.2	TTGACACACGAC	CCGGACTACHVGGGTWTCTAAT	2	2	NLU	none	none	none	none	left	TRUE	10	H3	NLU2
NLU3.2	ATAAGGTCGCCT	CCGGACTACHVGGGTWTCTAAT	2	3	NLU	none	none	none	none	left	TRUE	10	H4	NLU3
NLU4.2	TTGCCCTTTGAT	CCGGACTACHVGGGTWTCTAAT	2	4	NLU	none	none	none	none	left	TRUE	10	H5	NLU4
NLU5.2	CCTGGAATTAAG	CCGGACTACHVGGGTWTCTAAT	2	5	NLU	none	none	none	none	left	TRUE	10	H6	NLU5
NLU6.2	TGAGACCCTACA	CCGGACTACHVGGGTWTCTAAT	2	6	NLU	none	none	none	none	left	TRUE	10	H7	NLU6
NLU7.2	AAGTATCCTGCG	CCGGACTACHVGGGTWTCTAAT	2	7	NLU	none	none	none	none	left	TRUE	10	H8	NLU7
NLU8.2	CAAATGGTCGTC	CCGGACTACHVGGGTWTCTAAT	2	8	NLU	none	none	none	none	left	TRUE	10	H9	NLU8
NLU9.2	ACACATAAGTCG	CCGGACTACHVGGGTWTCTAAT	2	9	NLU	none	none	none	none	left	TRUE	10	H10	NLU9
SLU1.1	TACTGCCAGTGA	CCGGACTACHVGGGTWTCTAAT	1	1	SLU	none	saline	none	saline	left	TRUE	10	H11	SLU1
SLU2.1	GAGTTTACGGTC	CCGGACTACHVGGGTWTCTAAT	1	2	SLU	none	saline	none	saline	left	TRUE	10	H12	SLU2
SLU3.1	GGCACACCCTTA	CCGGACTACHVGGGTWTCTAAT	1	3	SLU	none	saline	none	saline	left	TRUE	11	A1	SLU3
SLU4.1	GTCCAGCTATGA	CCGGACTACHVGGGTWTCTAAT	1	4	SLU	none	saline	none	saline	left	TRUE	11	A2	SLU4
SLU5.1	TCGCGCAACTGT	CCGGACTACHVGGGTWTCTAAT	1	5	SLU	none	saline	none	saline	left	TRUE	11	A3	SLU5
SLU6.1	ATTCCTCTCCAC	CCGGACTACHVGGGTWTCTAAT	1	6	SLU	none	saline	none	saline	left	TRUE	11	A4	SLU6
SLU7.1	TGGTTCATCCTT	CCGGACTACHVGGGTWTCTAAT	1	7	SLU	none	saline	none	saline	left	TRUE	11	A5	SLU7
SLU8.1	AGCACTTTGAGA	CCGGACTACHVGGGTWTCTAAT	1	8	SLU	none	saline	none	saline	left	TRUE	11	A6	SLU8
SLU9.1	CCACGGTACTTG	CCGGACTACHVGGGTWTCTAAT	1	9	SLU	none	saline	none	saline	left	TRUE	11	A7	SLU9
SLU10.1	ACTAGTTGGACC	CCGGACTACHVGGGTWTCTAAT	1	10	SLU	none	saline	none	saline	left	TRUE	11	A8	SLU10
SLU11.1	GATCAACCCACA	CCGGACTACHVGGGTWTCTAAT	1	11	SLU	none	saline	none	saline	left	TRUE	11	A9	SLU11
WLU1.1	ATGCGAGACTTC	CCGGACTACHVGGGTWTCTAAT	1	1	WLU	none	whole_gastic	none	whole_gastic	left	TRUE	11	A10	WLU1
WLU2.1	CGCTTGTGTAGC	CCGGACTACHVGGGTWTCTAAT	1	2	WLU	none	whole_gastic	none	whole_gastic	left	TRUE	11	A11	WLU2
WLU3.1	ATGAATGCGTCC	CCGGACTACHVGGGTWTCTAAT	1	3	WLU	none	whole_gastic	none	whole_gastic	left	TRUE	11	A12	WLU3
WLU4.1	GACTCTGCTCAG	CCGGACTACHVGGGTWTCTAAT	1	4	WLU	none	whole_gastic	none	whole_gastic	left	TRUE	11	B1	WLU4
WLU5.1	CACGTACACGTA	CCGGACTACHVGGGTWTCTAAT	1	5	WLU	none	whole_gastic	none	whole_gastic	left	TRUE	11	B2	WLU5
WLU6.1	CAGAGCTAATTG	CCGGACTACHVGGGTWTCTAAT	1	6	WLU	none	whole_gastic	none	whole_gastic	left	TRUE	11	B3	WLU6
WLU7.1	TTATCCAGTCCT	CCGGACTACHVGGGTWTCTAAT	1	7	WLU	none	whole_gastic	none	whole_gastic	left	TRUE	11	B4	WLU7
WLU8.1	CTAAGACGTCGT	CCGGACTACHVGGGTWTCTAAT	1	8	WLU	none	whole_gastic	none	whole_gastic	left	TRUE	11	B5	WLU8
WLU9.1	GGCTCAGATTCC	CCGGACTACHVGGGTWTCTAAT	1	9	WLU	none	whole_gastic	none	whole_gastic	left	TRUE	11	B6	WLU9
WLU10.1	CTTGGTAGTGCC	CCGGACTACHVGGGTWTCTAAT	1	10	WLU	none	whole_gastic	none	whole_gastic	left	TRUE	11	B7	WLU10
WLU11.1	GTGCTGCGCTTA	CCGGACTACHVGGGTWTCTAAT	1	11	WLU	none	whole_gastic	none	whole_gastic	left	TRUE	11	B8	WLU11
WLU12.1	AGTAGGAGGCAC	CCGGACTACHVGGGTWTCTAAT	1	12	WLU	none	whole_gastic	none	whole_gastic	left	TRUE	11	B9	WLU12
ILU1.1	ACCCGGATTTCG	CCGGACTACHVGGGTWTCTAAT	1	1	ILU	none	irradiated_gastric	none	irradiated_gastric	left	TRUE	11	B10	ILU1
ILU2.1	CGTCCGTATGAA	CCGGACTACHVGGGTWTCTAAT	1	2	ILU	none	irradiated_gastric	none	irradiated_gastric	left	TRUE	11	B11	ILU2
ILU3.1	CGATTAGGAATC	CCGGACTACHVGGGTWTCTAAT	1	3	ILU	none	irradiated_gastric	none	irradiated_gastric	left	TRUE	11	B12	ILU3
ILU4.1	ACGTCTCAGTGC	CCGGACTACHVGGGTWTCTAAT	1	4	ILU	none	irradiated_gastric	none	irradiated_gastric	left	TRUE	11	C1	ILU4
ILU5.1	TAGTAGCACCTG	CCGGACTACHVGGGTWTCTAAT	1	5	ILU	none	irradiated_gastric	none	irradiated_gastric	left	TRUE	11	C2	ILU5
ILU6.1	AGGTCATCTTGG	CCGGACTACHVGGGTWTCTAAT	1	6	ILU	none	irradiated_gastric	none	irradiated_gastric	left	TRUE	11	C3	ILU6
ILU7.1	TGCTGTGACCAC	CCGGACTACHVGGGTWTCTAAT	1	7	ILU	none	irradiated_gastric	none	irradiated_gastric	left	TRUE	11	C4	ILU7
ILU8.1	ACACTTCGGCAA	CCGGACTACHVGGGTWTCTAAT	1	8	ILU	none	irradiated_gastric	none	irradiated_gastric	left	TRUE	11	C5	ILU8
ILU9.1	ACCTCCCGGATA	CCGGACTACHVGGGTWTCTAAT	1	9	ILU	none	irradiated_gastric	none	irradiated_gastric	left	TRUE	11	C6	ILU9
ILU10.1	GAAGAGGGTTGA	CCGGACTACHVGGGTWTCTAAT	1	10	ILU	none	irradiated_gastric	none	irradiated_gastric	left	TRUE	11	C7	ILU10
ILU11.1	AGTAGACTTACG	CCGGACTACHVGGGTWTCTAAT	1	11	ILU	none	irradiated_gastric	none	irradiated_gastric	left	TRUE	11	C8	ILU11
ILU12.1	TGGAAACCATTG	CCGGACTACHVGGGTWTCTAAT	1	12	ILU	none	irradiated_gastric	none	irradiated_gastric	left	TRUE	11	C9	ILU12
SRU1.1	AGTCCGAGTTGT	CCGGACTACHVGGGTWTCTAAT	1	1	SRU	none	saline	none	none	right	FALSE	11	C10	SRU1
SRU2.1	CCGCGATTTCGA	CCGGACTACHVGGGTWTCTAAT	1	2	SRU	none	saline	none	none	right	FALSE	11	C11	SRU2
SRU3.1	ACACACCCTGAC	CCGGACTACHVGGGTWTCTAAT	1	3	SRU	none	saline	none	none	right	FALSE	11	C12	SRU3
SRU4.1	TCACGAGTCACA	CCGGACTACHVGGGTWTCTAAT	1	4	SRU	none	saline	none	none	right	FALSE	11	D1	SRU4
SRU5.1	CACAAAGCGATT	CCGGACTACHVGGGTWTCTAAT	1	5	SRU	none	saline	none	none	right	FALSE	11	D2	SRU5
SRU6.1	CACCGTGACACT	CCGGACTACHVGGGTWTCTAAT	1	6	SRU	none	saline	none	none	right	FALSE	11	D3	SRU6
SRU7.1	GAAGATCTATCG	CCGGACTACHVGGGTWTCTAAT	1	7	SRU	none	saline	none	none	right	FALSE	11	D4	SRU7
SRU8.1	GACGGAACAGAC	CCGGACTACHVGGGTWTCTAAT	1	8	SRU	none	saline	none	none	right	FALSE	11	D5	SRU8
SRU9.1	GGACCGCTTTCA	CCGGACTACHVGGGTWTCTAAT	1	9	SRU	none	saline	none	none	right	FALSE	11	D6	SRU9
SRU10.1	CACGGTCCTATG	CCGGACTACHVGGGTWTCTAAT	1	10	SRU	none	saline	none	none	right	FALSE	11	D7	SRU10
SRU11.1	GAATGACGTTTG	CCGGACTACHVGGGTWTCTAAT	1	11	SRU	none	saline	none	none	right	FALSE	11	D8	SRU11
WRU1.1	ACTTACGCCACG	CCGGACTACHVGGGTWTCTAAT	1	1	WRU	none	whole_gastic	none	none	right	FALSE	11	D9	WRU1
WRU2.1	ACGCCTTTCTTA	CCGGACTACHVGGGTWTCTAAT	1	2	WRU	none	whole_gastic	none	none	right	FALSE	11	D10	WRU2
WRU3.1	TTGGTGCCTGTG	CCGGACTACHVGGGTWTCTAAT	1	3	WRU	none	whole_gastic	none	none	right	FALSE	11	D11	WRU3
WRU4.1	CATCGGATCTGA	CCGGACTACHVGGGTWTCTAAT	1	4	WRU	none	whole_gastic	none	none	right	FALSE	11	D12	WRU4
WRU5.1	CATGTCTTCCAT	CCGGACTACHVGGGTWTCTAAT	1	5	WRU	none	whole_gastic	none	none	right	FALSE	11	E1	WRU5
WRU6.1	GTTACAGTTGGC	CCGGACTACHVGGGTWTCTAAT	1	6	WRU	none	whole_gastic	none	none	right	FALSE	11	E2	WRU6
WRU7.1	CGGACTCGTTAC	CCGGACTACHVGGGTWTCTAAT	1	7	WRU	none	whole_gastic	none	none	right	FALSE	11	E3	WRU7
WRU8.1	TCTCGCACTGGA	CCGGACTACHVGGGTWTCTAAT	1	8	WRU	none	whole_gastic	none	none	right	FALSE	11	E4	WRU8
WRU9.1	TTCTGGTCTTGT	CCGGACTACHVGGGTWTCTAAT	1	9	WRU	none	whole_gastic	none	none	right	FALSE	11	E5	WRU9
WRU10.1	GTCCACTTGGAC	CCGGACTACHVGGGTWTCTAAT	1	10	WRU	none	whole_gastic	none	none	right	FALSE	11	E6	WRU10
WRU11.1	GATTTAGAGGCT	CCGGACTACHVGGGTWTCTAAT	1	11	WRU	none	whole_gastic	none	none	right	FALSE	11	E7	WRU11
WRU12.1	GTCAGCCGTTAA	CCGGACTACHVGGGTWTCTAAT	1	12	WRU	none	whole_gastic	none	none	right	FALSE	11	E8	WRU12
IRU1.1	ACGGTTTCTGGA	CCGGACTACHVGGGTWTCTAAT	1	1	IRU	none	irradiated_gastric	none	none	right	FALSE	11	E9	IRU1
IRU2.1	GCAGCCATATTG	CCGGACTACHVGGGTWTCTAAT	1	2	IRU	none	irradiated_gastric	none	none	right	FALSE	11	E10	IRU2
IRU3.1	ATAGGTGTGCTA	CCGGACTACHVGGGTWTCTAAT	1	3	IRU	none	irradiated_gastric	none	none	right	FALSE	11	E11	IRU3
IRU4.1	ACCTAGCTAGTG	CCGGACTACHVGGGTWTCTAAT	1	4	IRU	none	irradiated_gastric	none	none	right	FALSE	11	E12	IRU4
IRU5.1	GTCCTGACACTG	CCGGACTACHVGGGTWTCTAAT	1	5	IRU	none	irradiated_gastric	none	none	right	FALSE	11	F1	IRU5
IRU6.1	GGACTCAACTAA	CCGGACTACHVGGGTWTCTAAT	1	6	IRU	none	irradiated_gastric	none	none	right	FALSE	11	F2	IRU6
IRU7.1	ATACGGGTTCGT	CCGGACTACHVGGGTWTCTAAT	1	7	IRU	none	irradiated_gastric	none	none	right	FALSE	11	F3	IRU7
IRU8.1	CCTTTCACCTGT	CCGGACTACHVGGGTWTCTAAT	1	8	IRU	none	irradiated_gastric	none	none	right	FALSE	11	F4	IRU8
IRU9.1	ATCAGCCAGCTC	CCGGACTACHVGGGTWTCTAAT	1	9	IRU	none	irradiated_gastric	none	none	right	FALSE	11	F5	IRU9
IRU10.1	GCTCCACAACGT	CCGGACTACHVGGGTWTCTAAT	1	10	IRU	none	irradiated_gastric	none	none	right	FALSE	11	F6	IRU10
IRU11.1	AAGGAGTGCGCA	CCGGACTACHVGGGTWTCTAAT	1	11	IRU	none	irradiated_gastric	none	none	right	FALSE	11	F7	IRU11
IRU12.1	AGGGAAAGGATC	CCGGACTACHVGGGTWTCTAAT	1	12	IRU	none	irradiated_gastric	none	none	right	FALSE	11	F8	IRU12
SLU1.2	ACGACGCATTTG	CCGGACTACHVGGGTWTCTAAT	2	1	SLU	none	saline	none	saline	left	TRUE	11	F9	SLU1
SLU2.2	CGTCACTCCAAG	CCGGACTACHVGGGTWTCTAAT	2	2	SLU	none	saline	none	saline	left	TRUE	11	F10	SLU2
SLU3.2	TTACACAAAGGC	CCGGACTACHVGGGTWTCTAAT	2	3	SLU	none	saline	none	saline	left	TRUE	11	F11	SLU3
SLU4.2	GTATAGTCCGTG	CCGGACTACHVGGGTWTCTAAT	2	4	SLU	none	saline	none	saline	left	TRUE	11	F12	SLU4
SLU5.2	TCGTAAGCCGTC	CCGGACTACHVGGGTWTCTAAT	2	5	SLU	none	saline	none	saline	left	TRUE	11	G1	SLU5
SLU6.2	TGACGCCTCCAA	CCGGACTACHVGGGTWTCTAAT	2	6	SLU	none	saline	none	saline	left	TRUE	11	G2	SLU6
SLU7.2	TTCTCGGTTCTC	CCGGACTACHVGGGTWTCTAAT	2	7	SLU	none	saline	none	saline	left	TRUE	11	G3	SLU7
SLU8.2	GCTACTGGTATG	CCGGACTACHVGGGTWTCTAAT	2	8	SLU	none	saline	none	saline	left	TRUE	11	G4	SLU8
SLU9.2	GAATCCTCACCG	CCGGACTACHVGGGTWTCTAAT	2	9	SLU	none	saline	none	saline	left	TRUE	11	G5	SLU9
SLU10.2	CCTGACACACAC	CCGGACTACHVGGGTWTCTAAT	2	10	SLU	none	saline	none	saline	left	TRUE	11	G6	SLU10
SLU11.2	CAGCGTTTAGCC	CCGGACTACHVGGGTWTCTAAT	2	11	SLU	none	saline	none	saline	left	TRUE	11	G7	SLU11
WLU1.2	GGTATGGCTACT	CCGGACTACHVGGGTWTCTAAT	2	1	WLU	none	whole_gastic	none	whole_gastic	left	TRUE	11	G8	WLU1
WLU2.2	ACAATGTCACAG	CCGGACTACHVGGGTWTCTAAT	2	2	WLU	none	whole_gastic	none	whole_gastic	left	TRUE	11	G9	WLU2
WLU3.2	GCCATAGTGTGT	CCGGACTACHVGGGTWTCTAAT	2	3	WLU	none	whole_gastic	none	whole_gastic	left	TRUE	11	G10	WLU3
WLU4.2	GGTCCCGAAATT	CCGGACTACHVGGGTWTCTAAT	2	4	WLU	none	whole_gastic	none	whole_gastic	left	TRUE	11	G11	WLU4
WLU5.2	TCTGCGAGTCTG	CCGGACTACHVGGGTWTCTAAT	2	5	WLU	none	whole_gastic	none	whole_gastic	left	TRUE	11	G12	WLU5
WLU6.2	ATGTAGGCTTAG	CCGGACTACHVGGGTWTCTAAT	2	6	WLU	none	whole_gastic	none	whole_gastic	left	TRUE	11	H1	WLU6
WLU7.2	TGCTTCCAATTC	CCGGACTACHVGGGTWTCTAAT	2	7	WLU	none	whole_gastic	none	whole_gastic	left	TRUE	11	H2	WLU7
WLU8.2	GCCGAGATAATT	CCGGACTACHVGGGTWTCTAAT	2	8	WLU	none	whole_gastic	none	whole_gastic	left	TRUE	11	H3	WLU8
WLU9.2	TCGAGTATCGAA	CCGGACTACHVGGGTWTCTAAT	2	9	WLU	none	whole_gastic	none	whole_gastic	left	TRUE	11	H4	WLU9
WLU10.2	GCCCTATCTTCT	CCGGACTACHVGGGTWTCTAAT	2	10	WLU	none	whole_gastic	none	whole_gastic	left	TRUE	11	H5	WLU10
WLU11.2	AGGTACGCAATT	CCGGACTACHVGGGTWTCTAAT	2	11	WLU	none	whole_gastic	none	whole_gastic	left	TRUE	11	H6	WLU11
WLU12.2	GTCCCTATTATC	CCGGACTACHVGGGTWTCTAAT	2	12	WLU	none	whole_gastic	none	whole_gastic	left	TRUE	11	H7	WLU12
ILU1.2	TGGGACATATCC	CCGGACTACHVGGGTWTCTAAT	2	1	ILU	none	irradiated_gastric	none	irradiated_gastric	left	TRUE	11	H8	ILU1
ILU2.2	GAACGATCATGT	CCGGACTACHVGGGTWTCTAAT	2	2	ILU	none	irradiated_gastric	none	irradiated_gastric	left	TRUE	11	H9	ILU2
ILU3.2	TTCAGACCAGCC	CCGGACTACHVGGGTWTCTAAT	2	3	ILU	none	irradiated_gastric	none	irradiated_gastric	left	TRUE	11	H10	ILU3
ILU4.2	ACGCATCGCACT	CCGGACTACHVGGGTWTCTAAT	2	4	ILU	none	irradiated_gastric	none	irradiated_gastric	left	TRUE	11	H11	ILU4
ILU5.2	CAGTAGCGATAT	CCGGACTACHVGGGTWTCTAAT	2	5	ILU	none	irradiated_gastric	none	irradiated_gastric	left	TRUE	11	H12	ILU5
ILU6.2	CTACCGATTGCG	CCGGACTACHVGGGTWTCTAAT	2	6	ILU	none	irradiated_gastric	none	irradiated_gastric	left	TRUE	8	A1	ILU6
ILU7.2	TCACCCAAGGTA	CCGGACTACHVGGGTWTCTAAT	2	7	ILU	none	irradiated_gastric	none	irradiated_gastric	left	TRUE	8	A2	ILU7
ILU8.2	AGCCAGTCATAC	CCGGACTACHVGGGTWTCTAAT	2	8	ILU	none	irradiated_gastric	none	irradiated_gastric	left	TRUE	8	A3	ILU8
ILU9.2	TAACGGCGCTCT	CCGGACTACHVGGGTWTCTAAT	2	9	ILU	none	irradiated_gastric	none	irradiated_gastric	left	TRUE	8	A4	ILU9
ILU10.2	GTTTGCTCGAGA	CCGGACTACHVGGGTWTCTAAT	2	10	ILU	none	irradiated_gastric	none	irradiated_gastric	left	TRUE	8	A5	ILU10
ILU11.2	CAAACGCACTAA	CCGGACTACHVGGGTWTCTAAT	2	11	ILU	none	irradiated_gastric	none	irradiated_gastric	left	TRUE	8	A6	ILU11
ILU12.2	GAACAAAGAGCG	CCGGACTACHVGGGTWTCTAAT	2	12	ILU	none	irradiated_gastric	none	irradiated_gastric	left	TRUE	8	A7	ILU12
SRU1.2	GCTAAGTGATGT	CCGGACTACHVGGGTWTCTAAT	2	1	SRU	none	saline	none	none	right	FALSE	8	A8	SRU1
SRU2.2	AAGGGACAAGTG	CCGGACTACHVGGGTWTCTAAT	2	2	SRU	none	saline	none	none	right	FALSE	8	A9	SRU2
SRU3.2	AGTGTCGATTCG	CCGGACTACHVGGGTWTCTAAT	2	3	SRU	none	saline	none	none	right	FALSE	8	A10	SRU3
SRU4.2	CTATTAAGCGGC	CCGGACTACHVGGGTWTCTAAT	2	4	SRU	none	saline	none	none	right	FALSE	8	A11	SRU4
SRU5.2	CCTACCATTGTT	CCGGACTACHVGGGTWTCTAAT	2	5	SRU	none	saline	none	none	right	FALSE	8	A12	SRU5
SRU6.2	GAGTCCGTTGCT	CCGGACTACHVGGGTWTCTAAT	2	6	SRU	none	saline	none	none	right	FALSE	8	B1	SRU6
SRU7.2	GATAACTGTACG	CCGGACTACHVGGGTWTCTAAT	2	7	SRU	none	saline	none	none	right	FALSE	8	B2	SRU7
SRU8.2	TAAACCTGGACA	CCGGACTACHVGGGTWTCTAAT	2	8	SRU	none	saline	none	none	right	FALSE	8	B3	SRU8
SRU9.2	CCGAATTGACAA	CCGGACTACHVGGGTWTCTAAT	2	9	SRU	none	saline	none	none	right	FALSE	8	B4	SRU9
SRU10.2	CTGGCATCTAGC	CCGGACTACHVGGGTWTCTAAT	2	10	SRU	none	saline	none	none	right	FALSE	8	B5	SRU10
SRU11.2	GGTGGTCGTTCT	CCGGACTACHVGGGTWTCTAAT	2	11	SRU	none	saline	none	none	right	FALSE	8	B6	SRU11
WRU1.2	ACTATGGGCTAA	CCGGACTACHVGGGTWTCTAAT	2	1	WRU	none	whole_gastic	none	none	right	FALSE	8	B7	WRU1
WRU2.2	GCATTGAGTTCG	CCGGACTACHVGGGTWTCTAAT	2	2	WRU	none	whole_gastic	none	none	right	FALSE	8	B8	WRU2
WRU3.2	GTTGCTGAGTCC	CCGGACTACHVGGGTWTCTAAT	2	3	WRU	none	whole_gastic	none	none	right	FALSE	8	B9	WRU3
WRU4.2	CTATGGTGAACC	CCGGACTACHVGGGTWTCTAAT	2	4	WRU	none	whole_gastic	none	none	right	FALSE	8	B10	WRU4
WRU5.2	GGACCAAGGGAT	CCGGACTACHVGGGTWTCTAAT	2	5	WRU	none	whole_gastic	none	none	right	FALSE	8	B11	WRU5
WRU6.2	GTATTGGTCAGA	CCGGACTACHVGGGTWTCTAAT	2	6	WRU	none	whole_gastic	none	none	right	FALSE	8	B12	WRU6
WRU7.2	AGAACCGTCATA	CCGGACTACHVGGGTWTCTAAT	2	7	WRU	none	whole_gastic	none	none	right	FALSE	8	C1	WRU7
WRU8.2	AACTGGAACCCT	CCGGACTACHVGGGTWTCTAAT	2	8	WRU	none	whole_gastic	none	none	right	FALSE	8	C2	WRU8
WRU9.2	ATACTCGGCTGC	CCGGACTACHVGGGTWTCTAAT	2	9	WRU	none	whole_gastic	none	none	right	FALSE	8	C3	WRU9
WRU10.2	ACGCTTAACGAC	CCGGACTACHVGGGTWTCTAAT	2	10	WRU	none	whole_gastic	none	none	right	FALSE	8	C4	WRU10
WRU11.2	AGCTTACCGACC	CCGGACTACHVGGGTWTCTAAT	2	11	WRU	none	whole_gastic	none	none	right	FALSE	8	C5	WRU11
WRU12.2	AGGGCTATAGTT	CCGGACTACHVGGGTWTCTAAT	2	12	WRU	none	whole_gastic	none	none	right	FALSE	8	C6	WRU12
IRU1.2	TGTCTCGCAAGC	CCGGACTACHVGGGTWTCTAAT	2	1	IRU	none	irradiated_gastric	none	none	right	FALSE	8	C7	IRU1
IRU2.2	CAGCCGCATATC	CCGGACTACHVGGGTWTCTAAT	2	2	IRU	none	irradiated_gastric	none	none	right	FALSE	8	C8	IRU2
IRU3.2	GATACGTTCGCA	CCGGACTACHVGGGTWTCTAAT	2	3	IRU	none	irradiated_gastric	none	none	right	FALSE	8	C9	IRU3
IRU4.2	CCAAGATTCGCC	CCGGACTACHVGGGTWTCTAAT	2	4	IRU	none	irradiated_gastric	none	none	right	FALSE	8	C10	IRU4
IRU5.2	GAGGCTGATTTA	CCGGACTACHVGGGTWTCTAAT	2	5	IRU	none	irradiated_gastric	none	none	right	FALSE	8	C11	IRU5
IRU6.2	GAGTTAGCATCA	CCGGACTACHVGGGTWTCTAAT	2	6	IRU	none	irradiated_gastric	none	none	right	FALSE	8	C12	IRU6
IRU7.2	TGTAGTATAGGC	CCGGACTACHVGGGTWTCTAAT	2	7	IRU	none	irradiated_gastric	none	none	right	FALSE	8	D1	IRU7
IRU8.2	CTCACGCAATGC	CCGGACTACHVGGGTWTCTAAT	2	8	IRU	none	irradiated_gastric	none	none	right	FALSE	8	D2	IRU8
IRU9.2	GTCCCGTGAAAT	CCGGACTACHVGGGTWTCTAAT	2	9	IRU	none	irradiated_gastric	none	none	right	FALSE	8	D3	IRU9
IRU10.2	GGACAGTGTATT	CCGGACTACHVGGGTWTCTAAT	2	10	IRU	none	irradiated_gastric	none	none	right	FALSE	8	D4	IRU10
IRU11.2	ACACGACTATAG	CCGGACTACHVGGGTWTCTAAT	2	11	IRU	none	irradiated_gastric	none	none	right	FALSE	8	D5	IRU11
IRU12.2	GTGTAGGTGCTT	CCGGACTACHVGGGTWTCTAAT	2	12	IRU	none	irradiated_gastric	none	none	right	FALSE	8	D6	IRU12
ASWLU1.1	TGAACTAGCGTC	CCGGACTACHVGGGTWTCTAAT	1	1	ASWLU	subq	whole_gastic	none	whole_gastic	left	TRUE	8	D7	ASWLU1
ASWLU2.1	TCCGAGTCACCA	CCGGACTACHVGGGTWTCTAAT	1	2	ASWLU	subq	whole_gastic	none	whole_gastic	left	TRUE	8	D8	ASWLU2
ASWLU3.1	TCCTCTTTGGTC	CCGGACTACHVGGGTWTCTAAT	1	3	ASWLU	subq	whole_gastic	none	whole_gastic	left	TRUE	8	D9	ASWLU3
ASWLU4.1	TCCACCCTCTAT	CCGGACTACHVGGGTWTCTAAT	1	4	ASWLU	subq	whole_gastic	none	whole_gastic	left	TRUE	8	D10	ASWLU4
ASWLU5.1	TCGTGACGCTAA	CCGGACTACHVGGGTWTCTAAT	1	5	ASWLU	subq	whole_gastic	none	whole_gastic	left	TRUE	8	D11	ASWLU5
ASWLU6.1	ACGGCTAGTTCC	CCGGACTACHVGGGTWTCTAAT	1	6	ASWLU	subq	whole_gastic	none	whole_gastic	left	TRUE	8	D12	ASWLU6
ASWLU7.1	GCACTGGCATAT	CCGGACTACHVGGGTWTCTAAT	1	7	ASWLU	subq	whole_gastic	none	whole_gastic	left	TRUE	8	E1	ASWLU7
ASWLU8.1	GGCATTAGTTGA	CCGGACTACHVGGGTWTCTAAT	1	8	ASWLU	subq	whole_gastic	none	whole_gastic	left	TRUE	8	E2	ASWLU8
ASWLU9.1	CGGTAGTTGATC	CCGGACTACHVGGGTWTCTAAT	1	9	ASWLU	subq	whole_gastic	none	whole_gastic	left	TRUE	8	E3	ASWLU9
ASWLU10.1	TGAAAGCGGCGA	CCGGACTACHVGGGTWTCTAAT	1	10	ASWLU	subq	whole_gastic	none	whole_gastic	left	TRUE	8	E4	ASWLU10
ASWLU11.1	GGTTACGGTTAC	CCGGACTACHVGGGTWTCTAAT	1	11	ASWLU	subq	whole_gastic	none	whole_gastic	left	TRUE	8	E5	ASWLU11
ASWLU12.1	ACATCAGGTCAC	CCGGACTACHVGGGTWTCTAAT	1	12	ASWLU	subq	whole_gastic	none	whole_gastic	left	TRUE	8	E6	ASWLU12
WLU13.1	GTTGATACGATG	CCGGACTACHVGGGTWTCTAAT	1	13	WLU	none	whole_gastic	none	whole_gastic	left	TRUE	8	E7	WLU13
WLU14.1	CAGACACTTCCG	CCGGACTACHVGGGTWTCTAAT	1	14	WLU	none	whole_gastic	none	whole_gastic	left	TRUE	8	E8	WLU14
WLU15.1	TCACCATCCGAG	CCGGACTACHVGGGTWTCTAAT	1	15	WLU	none	whole_gastic	none	whole_gastic	left	TRUE	8	E9	WLU15
WLU16.1	ACCCACCACTAG	CCGGACTACHVGGGTWTCTAAT	1	16	WLU	none	whole_gastic	none	whole_gastic	left	TRUE	8	E10	WLU16
WLU17.1	CAGAAGGTGTGG	CCGGACTACHVGGGTWTCTAAT	1	17	WLU	none	whole_gastic	none	whole_gastic	left	TRUE	8	E11	WLU17
WLU18.1	GAAGCTTGAATC	CCGGACTACHVGGGTWTCTAAT	1	18	WLU	none	whole_gastic	none	whole_gastic	left	TRUE	8	E12	WLU18
WLU19.1	ACTAGGATCAGT	CCGGACTACHVGGGTWTCTAAT	1	19	WLU	none	whole_gastic	none	whole_gastic	left	TRUE	8	F1	WLU19
WLU20.1	GCTCCTTAGAAG	CCGGACTACHVGGGTWTCTAAT	1	20	WLU	none	whole_gastic	none	whole_gastic	left	TRUE	8	F2	WLU20
WLU21.1	TCCCATTCCCAT	CCGGACTACHVGGGTWTCTAAT	1	21	WLU	none	whole_gastic	none	whole_gastic	left	TRUE	8	F3	WLU21
WLU22.1	TGGCGTCATTCG	CCGGACTACHVGGGTWTCTAAT	1	22	WLU	none	whole_gastic	none	whole_gastic	left	TRUE	8	F4	WLU22
WLU23.1	AATCCTCGGAGT	CCGGACTACHVGGGTWTCTAAT	1	23	WLU	none	whole_gastic	none	whole_gastic	left	TRUE	8	F5	WLU23
WLU24.1	CTGGACGCATTA	CCGGACTACHVGGGTWTCTAAT	1	24	WLU	none	whole_gastic	none	whole_gastic	left	TRUE	8	F6	WLU24
ASWRU1.1	ACCGATTAGGTA	CCGGACTACHVGGGTWTCTAAT	1	1	ASWRU	subq	whole_gastic	none	none	right	FALSE	8	F7	ASWRU1
ASWRU2.1	ATGTGCTGCTCG	CCGGACTACHVGGGTWTCTAAT	1	2	ASWRU	subq	whole_gastic	none	none	right	FALSE	8	F8	ASWRU2
ASWRU3.1	TACGTACGAAAC	CCGGACTACHVGGGTWTCTAAT	1	3	ASWRU	subq	whole_gastic	none	none	right	FALSE	8	F9	ASWRU3
ASWRU4.1	ATCACATTCTCC	CCGGACTACHVGGGTWTCTAAT	1	4	ASWRU	subq	whole_gastic	none	none	right	FALSE	8	F10	ASWRU4
ASWRU5.1	AGCCTGGTACCT	CCGGACTACHVGGGTWTCTAAT	1	5	ASWRU	subq	whole_gastic	none	none	right	FALSE	8	F11	ASWRU5
ASWRU6.1	GCTAAAGTCGTA	CCGGACTACHVGGGTWTCTAAT	1	6	ASWRU	subq	whole_gastic	none	none	right	FALSE	8	F12	ASWRU6
ASWRU7.1	TCTCAGCGCGTA	CCGGACTACHVGGGTWTCTAAT	1	7	ASWRU	subq	whole_gastic	none	none	right	FALSE	8	G1	ASWRU7
ASWRU8.1	GACCCTAGACCT	CCGGACTACHVGGGTWTCTAAT	1	8	ASWRU	subq	whole_gastic	none	none	right	FALSE	8	G2	ASWRU8
ASWRU9.1	TATTCAGCGGAC	CCGGACTACHVGGGTWTCTAAT	1	9	ASWRU	subq	whole_gastic	none	none	right	FALSE	8	G3	ASWRU9
ASWRU10.1	GTTCCGGATTAG	CCGGACTACHVGGGTWTCTAAT	1	10	ASWRU	subq	whole_gastic	none	none	right	FALSE	8	G4	ASWRU10
ASWRU11.1	GCGTGTAATTAG	CCGGACTACHVGGGTWTCTAAT	1	11	ASWRU	subq	whole_gastic	none	none	right	FALSE	8	G5	ASWRU11
ASWRU12.1	CTGTAGCTTGGC	CCGGACTACHVGGGTWTCTAAT	1	12	ASWRU	subq	whole_gastic	none	none	right	FALSE	8	G6	ASWRU12
WRU13.1	ATGCCTCGTAAG	CCGGACTACHVGGGTWTCTAAT	1	13	WRU	none	whole_gastic	none	none	right	FALSE	8	G7	WRU13
WRU14.1	ACCTATGGTGAA	CCGGACTACHVGGGTWTCTAAT	1	14	WRU	none	whole_gastic	none	none	right	FALSE	8	G8	WRU14
WRU15.1	CTGTTACAGCGA	CCGGACTACHVGGGTWTCTAAT	1	15	WRU	none	whole_gastic	none	none	right	FALSE	8	G9	WRU15
WRU16.1	CAGTCAGGCCTT	CCGGACTACHVGGGTWTCTAAT	1	16	WRU	none	whole_gastic	none	none	right	FALSE	8	G10	WRU16
WRU17.1	ACTGAGCTGCAT	CCGGACTACHVGGGTWTCTAAT	1	17	WRU	none	whole_gastic	none	none	right	FALSE	8	G11	WRU17
WRU18.1	ACGAAGTCTACC	CCGGACTACHVGGGTWTCTAAT	1	18	WRU	none	whole_gastic	none	none	right	FALSE	8	G12	WRU18
WRU19.1	ACCGTCTTTCTC	CCGGACTACHVGGGTWTCTAAT	1	19	WRU	none	whole_gastic	none	none	right	FALSE	8	H1	WRU19
WRU20.1	AGTCTGTCTGCG	CCGGACTACHVGGGTWTCTAAT	1	20	WRU	none	whole_gastic	none	none	right	FALSE	8	H2	WRU20
WRU21.1	CCGCACTCAAGT	CCGGACTACHVGGGTWTCTAAT	1	21	WRU	none	whole_gastic	none	none	right	FALSE	8	H3	WRU21
WRU22.1	TGTGGAAACTCC	CCGGACTACHVGGGTWTCTAAT	1	22	WRU	none	whole_gastic	none	none	right	FALSE	8	H4	WRU22
WRU23.1	TTAGGCAGGTTC	CCGGACTACHVGGGTWTCTAAT	1	23	WRU	none	whole_gastic	none	none	right	FALSE	8	H5	WRU23
WRU24.1	TAAGACTACTGG	CCGGACTACHVGGGTWTCTAAT	1	24	WRU	none	whole_gastic	none	none	right	FALSE	8	H6	WRU24
ASWLU1.2	CGCGAAGTTTCA	CCGGACTACHVGGGTWTCTAAT	2	1	ASWLU	subq	whole_gastic	none	whole_gastic	left	TRUE	8	H7	ASWLU1
ASWLU2.2	CGATACACTGCC	CCGGACTACHVGGGTWTCTAAT	2	2	ASWLU	subq	whole_gastic	none	whole_gastic	left	TRUE	8	H8	ASWLU2
ASWLU3.2	TTGAAATCCCGG	CCGGACTACHVGGGTWTCTAAT	2	3	ASWLU	subq	whole_gastic	none	whole_gastic	left	TRUE	8	H9	ASWLU3
ASWLU4.2	GTTAGGGAGCGA	CCGGACTACHVGGGTWTCTAAT	2	4	ASWLU	subq	whole_gastic	none	whole_gastic	left	TRUE	8	H10	ASWLU4
ASWLU5.2	TTACTGTGGCCG	CCGGACTACHVGGGTWTCTAAT	2	5	ASWLU	subq	whole_gastic	none	whole_gastic	left	TRUE	8	H11	ASWLU5
ASWLU6.2	ATATAAGGCCCA	CCGGACTACHVGGGTWTCTAAT	2	6	ASWLU	subq	whole_gastic	none	whole_gastic	left	TRUE	8	H12	ASWLU6
ASWLU7.2	GGTAAGTTTGAC	CCGGACTACHVGGGTWTCTAAT	2	7	ASWLU	subq	whole_gastic	none	whole_gastic	left	TRUE	7	E1	ASWLU7
ASWLU8.2	CTACCACGGTAC	CCGGACTACHVGGGTWTCTAAT	2	8	ASWLU	subq	whole_gastic	none	whole_gastic	left	TRUE	7	E2	ASWLU8
ASWLU9.2	CGGTCTGTCTGA	CCGGACTACHVGGGTWTCTAAT	2	9	ASWLU	subq	whole_gastic	none	whole_gastic	left	TRUE	7	E3	ASWLU9
ASWLU10.2	GTACATGTCGCC	CCGGACTACHVGGGTWTCTAAT	2	10	ASWLU	subq	whole_gastic	none	whole_gastic	left	TRUE	7	E4	ASWLU10
ASWLU11.2	TTCTAGAGTGCG	CCGGACTACHVGGGTWTCTAAT	2	11	ASWLU	subq	whole_gastic	none	whole_gastic	left	TRUE	7	E5	ASWLU11
ASWLU12.2	ACGGATGTTATG	CCGGACTACHVGGGTWTCTAAT	2	12	ASWLU	subq	whole_gastic	none	whole_gastic	left	TRUE	7	E6	ASWLU12
WLU13.2	TTGAGGCTACAA	CCGGACTACHVGGGTWTCTAAT	2	13	WLU	none	whole_gastic	none	whole_gastic	left	TRUE	7	E7	WLU13
WLU14.2	GTAGGAACCGGA	CCGGACTACHVGGGTWTCTAAT	2	14	WLU	none	whole_gastic	none	whole_gastic	left	TRUE	7	E8	WLU14
WLU15.2	ACATCTAGCAGA	CCGGACTACHVGGGTWTCTAAT	2	15	WLU	none	whole_gastic	none	whole_gastic	left	TRUE	7	E9	WLU15
WLU16.2	CCGACATTGTAG	CCGGACTACHVGGGTWTCTAAT	2	16	WLU	none	whole_gastic	none	whole_gastic	left	TRUE	7	E10	WLU16
WLU17.2	CATGTAAGGCTC	CCGGACTACHVGGGTWTCTAAT	2	17	WLU	none	whole_gastic	none	whole_gastic	left	TRUE	7	E11	WLU17
WLU18.2	TGCAAGCTAAGT	CCGGACTACHVGGGTWTCTAAT	2	18	WLU	none	whole_gastic	none	whole_gastic	left	TRUE	7	E12	WLU18
WLU19.2	GTGTGTGCCATA	CCGGACTACHVGGGTWTCTAAT	2	19	WLU	none	whole_gastic	none	whole_gastic	left	TRUE	7	F1	WLU19
WLU20.2	TGACAACCGAAT	CCGGACTACHVGGGTWTCTAAT	2	20	WLU	none	whole_gastic	none	whole_gastic	left	TRUE	7	F2	WLU20
WLU21.2	TAGGCTCGTGCT	CCGGACTACHVGGGTWTCTAAT	2	21	WLU	none	whole_gastic	none	whole_gastic	left	TRUE	7	F3	WLU21
WLU22.2	CTCCTTAAGGCG	CCGGACTACHVGGGTWTCTAAT	2	22	WLU	none	whole_gastic	none	whole_gastic	left	TRUE	7	F4	WLU22
WLU23.2	TTGCCTGGGTCA	CCGGACTACHVGGGTWTCTAAT	2	23	WLU	none	whole_gastic	none	whole_gastic	left	TRUE	7	F5	WLU23
WLU24.2	CAATTCTGCTTC	CCGGACTACHVGGGTWTCTAAT	2	24	WLU	none	whole_gastic	none	whole_gastic	left	TRUE	7	F6	WLU24
ASWRU1.2	ACTGGCAAACCT	CCGGACTACHVGGGTWTCTAAT	2	1	ASWRU	subq	whole_gastic	none	none	right	FALSE	7	F7	ASWRU1
ASWRU2.2	AATCAGAGCTTG	CCGGACTACHVGGGTWTCTAAT	2	2	ASWRU	subq	whole_gastic	none	none	right	FALSE	7	F8	ASWRU2
ASWRU3.2	CAATGTAGACAC	CCGGACTACHVGGGTWTCTAAT	2	3	ASWRU	subq	whole_gastic	none	none	right	FALSE	7	F9	ASWRU3
ASWRU4.2	TGGCGATACGTT	CCGGACTACHVGGGTWTCTAAT	2	4	ASWRU	subq	whole_gastic	none	none	right	FALSE	7	F10	ASWRU4
ASWRU5.2	GCCTTACGATAG	CCGGACTACHVGGGTWTCTAAT	2	5	ASWRU	subq	whole_gastic	none	none	right	FALSE	7	F11	ASWRU5
ASWRU6.2	TACCTGTGTCTT	CCGGACTACHVGGGTWTCTAAT	2	6	ASWRU	subq	whole_gastic	none	none	right	FALSE	7	F12	ASWRU6
ASWRU7.2	AACGAGGCAACG	CCGGACTACHVGGGTWTCTAAT	2	7	ASWRU	subq	whole_gastic	none	none	right	FALSE	7	G1	ASWRU7
ASWRU8.2	GAAGACAGCGAC	CCGGACTACHVGGGTWTCTAAT	2	8	ASWRU	subq	whole_gastic	none	none	right	FALSE	7	G2	ASWRU8
ASWRU9.2	ACACCTGCGATC	CCGGACTACHVGGGTWTCTAAT	2	9	ASWRU	subq	whole_gastic	none	none	right	FALSE	7	G3	ASWRU9
ASWRU10.2	GGCGTTGCATTC	CCGGACTACHVGGGTWTCTAAT	2	10	ASWRU	subq	whole_gastic	none	none	right	FALSE	7	G4	ASWRU10
ASWRU11.2	ACTAGCGTTCAG	CCGGACTACHVGGGTWTCTAAT	2	11	ASWRU	subq	whole_gastic	none	none	right	FALSE	7	G5	ASWRU11
ASWRU12.2	TTGCGACAAAGT	CCGGACTACHVGGGTWTCTAAT	2	12	ASWRU	subq	whole_gastic	none	none	right	FALSE	7	G6	ASWRU12
WRU13.2	TGCGAGTATATG	CCGGACTACHVGGGTWTCTAAT	2	13	WRU	none	whole_gastic	none	none	right	FALSE	7	G7	WRU13
WRU14.2	TACCACAACGAA	CCGGACTACHVGGGTWTCTAAT	2	14	WRU	none	whole_gastic	none	none	right	FALSE	7	G8	WRU14
WRU15.2	TCTGGAACGGTT	CCGGACTACHVGGGTWTCTAAT	2	15	WRU	none	whole_gastic	none	none	right	FALSE	7	G9	WRU15
WRU16.2	GTACTACCTCGG	CCGGACTACHVGGGTWTCTAAT	2	16	WRU	none	whole_gastic	none	none	right	FALSE	7	G10	WRU16
WRU17.2	TTCCTGTTAACC	CCGGACTACHVGGGTWTCTAAT	2	17	WRU	none	whole_gastic	none	none	right	FALSE	7	G11	WRU17
WRU18.2	CTATCCAAGTGG	CCGGACTACHVGGGTWTCTAAT	2	18	WRU	none	whole_gastic	none	none	right	FALSE	7	G12	WRU18
WRU19.2	CAGTCTAGTACG	CCGGACTACHVGGGTWTCTAAT	2	19	WRU	none	whole_gastic	none	none	right	FALSE	7	H1	WRU19
WRU20.2	GTGTCCGGATTC	CCGGACTACHVGGGTWTCTAAT	2	20	WRU	none	whole_gastic	none	none	right	FALSE	7	H2	WRU20
WRU21.2	TGTGGTGATGTA	CCGGACTACHVGGGTWTCTAAT	2	21	WRU	none	whole_gastic	none	none	right	FALSE	7	H3	WRU21
WRU22.2	CTTTCGTTCAAC	CCGGACTACHVGGGTWTCTAAT	2	22	WRU	none	whole_gastic	none	none	right	FALSE	7	H4	WRU22
WRU23.2	CCGAAGATTCTG	CCGGACTACHVGGGTWTCTAAT	2	23	WRU	none	whole_gastic	none	none	right	FALSE	7	H5	WRU23
WRU24.2	GTTGGCGTTACA	CCGGACTACHVGGGTWTCTAAT	2	24	WRU	none	whole_gastic	none	none	right	FALSE	7	H6	WRU24
